Title,(1980s),(1990s),(2000s),(2010s),(2020s),Pop,Rock,Counrty,Folk,Dance,Grunge,Love,Metal,Classic,Funk,Electric,Acoustic,Indie,Jazz,SoundTrack,Rap
The Scientist,0,0,0,1,0,1,0,0,0,0,0,0,0,0,0,0,0,0,0,0,0
Yellow,0,0,0,1,0,1,0,0,0,0,0,0,0,0,0,0,0,0,0,0,0
Stairway to Heaven,1,0,0,0,0,0,1,0,0,0,0,0,0,0,0,0,0,0,0,0,0
Shape of You,0,0,0,0,1,1,0,0,0,1,0,1,0,0,0,0,0,0,0,0,0
Fix You,0,0,0,1,0,0,1,0,0,0,0,0,0,0,0,0,0,0,0,0,0
Wish You Were Here,0,0,0,0,0,0,1,0,0,0,0,0,0,1,0,0,0,0,0,0,0
Smells Like Teen Spirit,0,0,1,0,0,0,1,0,0,0,1,0,0,0,0,0,0,0,0,0,0
Hello,0,0,0,0,1,1,0,0,0,0,0,0,0,0,0,0,0,0,0,0,0
Can't Feel My Face,0,0,0,0,1,1,0,0,0,0,0,0,0,0,0,0,0,0,0,0,0
Comfortably Numb,0,0,0,1,0,0,1,0,0,0,0,0,0,0,0,0,0,0,0,0,0
Hymn for the Weekend,0,0,0,0,1,1,0,0,0,0,0,0,0,0,0,0,0,0,0,0,0
Paradise,0,0,0,0,1,1,0,0,0,0,0,0,0,0,0,0,0,0,0,0,0
Adventure Of A Lifetime,0,0,0,0,1,1,1,0,0,0,0,0,0,0,0,0,0,0,0,0,0
Viva la Vida,0,0,0,1,0,0,1,0,0,0,0,0,0,0,0,0,0,0,0,0,0
Cheap Thrills,0,0,0,0,1,1,0,0,0,1,0,0,0,0,0,0,0,0,0,0,0
In the End,0,0,1,0,0,0,1,0,0,0,0,0,1,0,0,0,0,0,0,0,0
Sweet Child o' Mine,0,1,0,0,0,0,1,0,0,0,0,0,0,0,0,0,0,0,0,0,0
Californication,0,0,1,0,0,0,1,0,0,0,0,0,0,0,1,0,0,0,0,0,0
Radioactive,0,0,0,0,1,0,1,0,0,0,0,0,0,0,0,0,0,0,0,0,0
Numb,0,0,0,1,0,0,1,0,0,0,0,0,0,0,0,0,0,0,0,0,0
Do I Wanna Know?,0,0,0,0,1,0,1,0,0,0,0,0,0,0,0,0,0,0,0,0,0
Creep,0,0,1,0,0,0,1,0,0,0,0,0,0,0,0,0,0,0,0,0,0
Hotline Bling,0,0,0,0,1,1,0,0,0,0,0,0,0,0,0,0,0,0,0,0,0
Lean On (feat. MØ & DJ Snake),0,0,0,0,1,0,1,0,0,0,0,0,0,0,0,1,0,0,0,0,0
Intro,0,0,0,1,0,0,1,0,0,0,0,0,0,0,0,1,0,0,0,0,0
Hotel California,1,0,0,0,0,0,1,0,0,0,0,0,0,1,0,0,0,0,0,0,0
A Sky Full of Stars,0,0,0,0,1,1,1,0,0,0,0,0,0,0,0,1,0,0,0,0,0
Nothing Else Matters,0,0,1,0,0,0,1,0,0,0,0,0,1,0,0,0,0,0,0,0,0
Clocks,0,0,0,1,0,1,1,0,0,0,0,0,0,0,0,0,0,0,0,0,0
Seven Nation Army,0,0,0,1,0,0,1,0,0,0,0,0,0,0,0,0,0,0,0,0,0
Sultans of Swing,1,0,0,0,0,0,1,0,0,0,0,0,0,1,0,0,0,0,0,0,0
Come as You Are,0,0,1,0,0,0,1,0,0,0,1,0,0,0,0,0,0,0,0,0,0
Counting Stars,0,0,0,0,1,1,1,0,0,0,0,0,0,0,0,0,0,0,0,0,0
Rolling in the Deep,0,0,0,0,1,1,0,0,0,0,0,0,0,0,0,0,0,0,0,0,0
Bohemian Rhapsody,1,0,0,0,0,0,1,0,0,0,0,0,0,1,0,0,0,0,0,0,0
Let Her Go,0,0,0,0,1,0,0,0,1,0,0,0,0,0,0,0,0,0,0,0,0
Back in Black,1,0,0,0,0,0,1,0,0,0,0,0,1,1,0,0,0,0,0,0,0
Thinking Out Loud,0,0,0,0,1,0,0,0,0,0,0,1,0,0,0,0,0,0,0,0,0
Sugar,0,0,0,0,1,1,0,0,0,0,0,1,0,0,0,0,0,0,0,0,0
Karma Police,0,0,1,0,0,0,1,0,0,0,0,0,0,0,0,0,0,0,0,0,0
Immigrant Song,1,0,0,0,0,0,1,0,0,0,0,0,0,1,0,0,0,0,0,0,0
Wonderwall,0,0,1,0,0,1,1,0,0,0,0,0,0,0,0,0,0,0,0,0,0
Enter Sandman,0,0,1,0,0,0,1,0,0,0,0,0,1,0,0,0,0,0,0,0,0
Lazarus,0,0,0,0,1,0,1,0,0,0,0,0,0,0,0,0,0,0,0,0,0
Stressed Out,0,0,0,0,1,1,0,0,0,0,0,0,0,0,0,0,0,0,0,0,0
Dream On,1,0,0,0,0,0,1,0,0,0,0,0,0,1,0,0,0,0,0,0,0
Highway to Hell,1,0,0,0,0,0,1,0,0,0,0,0,1,0,0,0,0,0,0,0,0
Photograph,0,0,0,0,1,1,0,0,0,0,0,0,0,0,0,0,0,0,0,0,0
The Hills,0,0,0,0,1,0,0,0,0,0,0,0,0,0,0,1,0,0,0,0,0
Take Me to Church,0,0,0,0,1,1,0,0,0,0,0,0,0,0,0,0,0,0,0,0,0
Bitter Sweet Symphony,0,0,1,0,0,1,1,0,0,0,0,0,0,0,0,0,0,0,0,0,0
Pumped Up Kicks,0,0,0,0,1,1,0,0,0,0,0,0,0,0,0,0,0,0,0,0,0
Heathens,0,0,0,0,1,1,1,0,0,0,0,0,0,0,0,0,0,0,0,0,0
Demons,0,0,0,0,1,0,1,0,0,0,0,0,0,0,0,0,0,0,0,0,0
Teardrop,0,0,1,0,0,1,0,0,0,0,0,0,0,0,0,1,0,0,0,0,0
Magic,0,0,0,0,1,1,0,0,0,0,0,0,0,0,0,0,0,0,0,0,0
Faded,0,0,0,0,1,1,0,0,0,0,0,0,0,0,0,1,0,0,0,0,0
The Less I Know the Better,0,0,0,0,1,0,1,0,0,0,0,0,0,0,0,0,0,0,0,0,0
Kashmir,1,0,0,0,0,0,1,0,0,0,0,0,1,0,0,0,0,0,0,0,0
Time,1,0,0,0,0,0,1,0,0,0,0,0,0,0,0,0,0,0,0,0,0
Chop Suey!,0,0,0,1,0,0,1,0,0,0,0,0,1,0,0,0,0,0,0,0,0
Sorry,0,0,0,0,1,1,0,0,0,1,0,0,0,0,0,0,0,0,0,0,0
Whole Lotta Love,1,0,0,0,0,0,1,0,0,0,0,0,0,1,0,0,0,0,0,0,0
Under the Bridge,0,0,1,0,0,0,1,0,0,0,0,0,0,0,0,0,0,0,0,0,0
Starboy,0,0,0,0,1,0,0,0,0,0,0,0,0,0,0,1,0,0,0,0,0
November Rain,0,1,0,0,0,0,1,0,0,0,0,0,0,1,0,0,0,0,0,0,0
Hey You,1,0,0,0,0,0,1,0,0,0,0,0,0,1,0,0,0,0,0,0,0
Trains,0,0,0,1,0,0,1,0,0,0,0,0,0,0,0,0,0,0,0,0,0
Royals,0,0,0,0,1,0,1,0,0,0,0,0,0,0,0,1,0,0,0,0,0
Losing My Religion,0,0,1,0,0,0,1,0,0,0,0,0,0,0,0,0,0,0,0,0,0
Money,1,0,0,0,0,0,1,0,0,0,0,0,0,1,0,0,0,0,0,0,0
Closer,0,0,0,0,1,1,0,0,0,0,0,0,0,0,0,1,0,0,0,0,0
Paranoid Android,0,0,1,0,0,0,1,0,0,0,0,0,0,0,0,0,0,0,0,0,0
Burn the Witch,0,0,0,0,1,1,1,0,0,0,0,0,0,0,0,0,0,0,0,0,0
Fortunate Son,1,0,0,0,0,0,1,0,0,0,0,0,0,1,0,0,0,0,0,0,0
Cake By The Ocean,0,0,0,0,1,1,0,0,0,1,0,0,0,0,0,0,0,0,0,0,0
Feel Good Inc.,0,0,0,1,0,1,1,0,0,0,0,0,0,0,0,0,1,0,0,0,0
Paradise City,0,1,0,0,0,0,1,0,0,0,0,0,0,1,0,0,0,0,0,0,0
Somewhere I Belong,0,0,1,0,0,0,1,0,0,0,0,0,1,0,0,0,0,0,0,0,0
Sweet Home Alabama,1,0,0,0,0,0,1,0,0,0,0,0,0,1,0,0,0,0,0,0,0
What Do You Mean?,0,0,0,0,1,1,0,0,0,0,0,0,0,0,0,0,0,0,0,0,0
No Surprises,0,0,1,0,0,0,1,0,0,0,0,0,0,0,0,0,0,0,0,0,0
Paranoid,1,0,0,0,0,0,1,0,0,0,0,0,1,1,0,0,0,0,0,0,0
Chandelier,0,0,0,0,1,1,0,0,0,0,0,0,0,0,0,0,0,0,0,0,0
Mr. Brightside,0,0,0,1,0,0,1,0,0,0,0,0,0,0,0,0,0,0,0,0,0
Chasing Cars,0,0,0,1,0,0,1,0,0,0,0,1,0,0,0,0,0,0,0,0,0
Someone Like You,0,0,0,0,1,1,0,0,0,0,0,0,0,0,0,0,0,0,0,0,0
Midnight City,0,0,0,0,1,1,0,0,0,0,0,0,0,0,0,1,0,0,0,0,0
Riptide,0,0,0,0,1,0,0,0,1,0,0,0,0,0,0,0,0,0,0,0,0
Us and Them,0,0,0,0,1,0,1,0,0,0,0,0,0,1,0,0,0,0,0,0,0
High Hopes,0,0,1,0,0,0,1,0,0,0,0,0,0,1,0,0,0,0,0,0,0
Somebody That I Used To Know,0,0,0,0,1,0,0,0,0,0,0,0,0,0,0,0,0,1,0,0,0
Iris,0,0,0,1,0,0,1,0,0,0,0,1,0,0,0,0,0,0,0,0,0
Black Hole Sun,0,0,1,0,0,0,1,0,0,0,1,0,0,0,0,0,0,0,0,0,0
HUMBLE.,0,0,0,0,1,1,0,0,0,0,0,0,0,0,0,0,0,0,0,0,0
Get Lucky (feat. Pharrell Williams),0,0,0,0,1,0,0,0,0,1,0,0,0,0,0,1,0,0,0,0,0
Papercut,0,0,0,1,0,0,1,0,0,0,0,0,1,0,0,0,0,0,0,0,0
Ride,0,0,0,0,1,0,1,0,0,0,0,0,0,0,0,0,0,0,0,0,0
Crawling,0,1,0,0,0,0,1,0,0,0,0,0,1,0,0,0,0,0,0,0,0
Arriving Somewhere but Not Here,0,0,0,1,0,0,1,0,0,0,0,0,1,0,0,0,0,0,0,0,0
Baba O'Riley,1,0,0,0,0,0,1,0,0,0,0,0,0,1,0,0,0,0,0,0,0
Wake Me Up,0,0,0,0,1,1,0,0,0,1,0,0,0,0,0,0,0,0,0,0,0
One Dance,0,0,0,0,1,1,0,0,0,0,0,0,0,0,0,0,0,0,0,0,0
What I've Done,0,0,0,1,0,0,1,0,0,0,0,0,0,0,0,0,0,0,0,0,0
Alive,0,0,1,0,0,0,1,0,0,0,0,0,0,0,0,0,0,0,0,0,0
Don't Stop Believin',0,1,0,0,0,0,1,0,0,0,0,0,0,0,0,0,0,0,0,0,0
Eye of the Tiger,0,1,0,0,0,0,1,0,0,0,0,0,0,1,0,0,0,0,0,0,0
Instant Crush (feat. Julian Casablancas),0,0,0,0,1,0,0,0,1,0,0,0,0,1,0,0,0,0,0,0,0
Zombie,0,0,1,0,0,0,1,0,0,0,0,0,0,0,0,0,0,0,0,0,0
The Sound of Silence,0,0,0,0,1,0,1,0,1,0,0,0,0,0,0,0,0,0,0,0,0
Ramble On,1,0,0,0,0,0,1,0,0,0,1,0,0,0,0,0,0,0,0,0,0
The Pretender,0,0,0,1,0,0,1,0,0,0,1,0,0,0,0,0,0,0,0,0,0
Stitches,0,0,0,0,1,1,0,0,0,0,0,0,0,0,0,0,0,0,0,0,0
Breezeblocks,0,0,0,0,1,0,1,0,0,0,0,0,0,0,0,0,0,0,0,0,0
Holocene,0,0,0,0,1,0,1,0,1,0,0,0,0,0,0,0,0,0,0,0,0
Speed of Sound,0,0,0,1,0,0,1,0,0,0,0,0,0,0,0,0,0,0,0,0,0
Faint,0,0,0,1,0,0,1,0,0,0,0,0,1,0,0,0,0,0,0,0,0
Like a Rolling Stone,1,0,0,0,0,0,1,0,1,0,0,0,0,1,0,0,0,0,0,0,0
Don't Let Me Down,0,0,0,0,1,1,0,0,0,0,0,0,0,0,0,1,0,0,0,0,0
Black Dog,0,0,1,0,0,0,1,0,0,0,0,0,0,0,0,0,0,0,0,0,0
Shut Up and Dance,0,0,0,0,1,1,1,0,0,1,0,0,0,0,0,0,0,0,0,0,0
Sex on Fire,0,0,0,1,0,0,1,0,0,0,0,0,0,0,0,0,0,0,0,0,0
You Shook Me All Night Long,1,0,0,0,0,0,1,0,0,0,0,0,0,0,0,0,0,0,0,0,0
7 Years,0,0,0,0,1,1,0,0,0,0,0,0,0,0,0,0,0,0,0,0,0
Skinny Love,0,0,0,1,0,0,0,0,1,0,0,0,0,0,0,0,0,0,0,0,0
High and Dry,0,0,1,0,0,0,1,0,0,0,0,0,0,0,0,0,0,0,0,0,0
One Step Closer,0,0,1,0,0,0,1,0,0,0,0,0,1,0,0,0,0,0,0,0,0
Everlong,0,0,1,0,0,0,1,0,0,0,0,0,0,0,0,0,0,0,0,0,0
Free Bird,1,0,0,0,0,0,1,0,0,0,0,0,0,0,0,0,0,0,0,0,0
Let It Go,0,0,0,0,1,1,0,0,0,0,0,0,0,0,0,0,0,0,0,0,0
Welcome to the Jungle,0,1,0,0,0,0,1,0,0,0,0,0,0,0,0,0,0,0,0,0,0
Scar Tissue,0,0,1,0,0,0,1,0,0,0,0,0,0,0,0,0,0,0,0,0,0
Bring Me to Life,0,0,0,1,0,0,1,0,0,0,0,0,0,0,0,0,0,0,0,0,0
Breaking the Habit,0,0,0,1,0,0,1,0,0,0,0,0,1,0,0,0,0,0,0,0,0
Sugar (feat. Francesco Yates),0,0,0,0,1,1,0,0,0,1,0,0,0,0,0,1,0,0,0,0,0
With or Without You,0,1,0,0,0,0,0,0,0,0,0,0,0,0,0,0,0,0,0,0,0
Lush Life,0,0,0,0,1,0,1,0,0,0,0,0,0,0,0,0,0,0,0,0,0
Treat You Better,0,0,0,0,1,1,0,0,0,0,0,0,0,0,0,0,0,0,0,0,0
Good Times Bad Times,1,0,0,0,0,0,1,0,0,0,0,0,0,0,0,0,0,0,0,0,0
Let It Happen,0,0,0,0,1,0,1,0,0,0,0,0,0,0,0,1,0,0,0,0,0
Send My Love (To Your New Lover),0,0,0,0,1,1,0,0,0,0,0,0,0,0,0,0,0,0,0,0,0
Kryptonite,0,0,1,0,0,0,1,0,0,0,0,0,0,0,0,0,0,0,0,0,0
Feel It Still,0,0,0,0,1,1,0,0,0,0,0,0,0,0,0,0,0,0,0,0,0
Thunder,0,0,0,0,1,1,0,0,0,0,0,0,0,0,0,0,0,0,0,0,0
Lose Yourself to Dance (feat. Pharrell Williams),0,0,0,0,1,0,0,0,0,1,0,0,0,0,1,1,0,0,0,0,0
Believer,0,0,0,0,1,0,1,0,0,0,0,0,0,0,0,0,0,0,0,0,0
Pompeii,0,0,0,0,1,1,1,0,0,0,0,0,0,0,0,0,0,0,0,0,0
Master of Puppets,0,1,0,0,0,0,0,0,0,0,0,0,1,0,0,0,0,0,0,0,0
In My Place,0,0,0,1,0,0,1,0,0,0,0,0,0,0,0,0,0,0,0,0,0
Light My Fire,1,0,0,0,0,0,1,0,0,0,0,0,0,0,0,0,0,0,0,0,0
The Reason,0,0,0,1,0,1,1,0,0,0,0,0,0,0,0,0,0,0,0,0,0
Daydreaming,0,0,0,0,1,1,0,0,0,0,0,0,0,0,0,0,0,0,0,0,0
Fake Plastic Trees,0,0,1,0,0,0,1,0,0,0,0,0,0,0,0,0,0,0,0,0,0
She Will Be Loved,0,0,0,1,0,1,1,0,0,0,0,1,0,0,0,0,0,0,0,0,0
The Great Gig in the Sky,1,0,0,0,0,0,1,0,0,0,0,0,0,1,0,0,0,0,0,0,0
Everglow,0,0,0,0,1,0,1,0,0,0,0,0,0,0,0,0,0,0,0,0,0
Riders on the Storm,1,0,0,0,0,0,1,0,0,0,0,0,0,0,0,0,0,0,0,0,0
Blackest Eyes,0,0,0,1,0,0,1,0,0,0,0,0,1,0,0,0,0,0,0,0,0
Uptown Funk,0,0,0,0,1,0,0,0,0,1,0,0,0,0,1,0,0,0,0,0,0
How to Save a Life,0,0,0,1,0,0,1,0,0,0,0,0,0,0,0,0,0,0,0,0,0
Cocaine,1,0,0,0,0,0,1,0,0,0,0,0,0,0,0,0,0,0,0,0,0
Love Yourself,0,0,0,0,1,1,0,0,0,0,0,0,0,0,0,0,0,0,0,0,0
Trouble,0,0,1,0,0,0,1,0,0,0,0,0,0,0,0,0,0,0,0,0,0
Like a Stone,0,0,0,1,0,0,1,0,0,0,1,0,0,0,0,0,0,0,0,0,0
Don't Panic,0,0,1,0,0,0,1,0,0,0,0,0,0,0,0,0,0,0,0,0,0
Coming Back to Life,0,0,1,0,0,0,1,0,0,0,0,0,0,1,0,0,0,0,0,0,0
The Unforgiven,0,0,1,0,0,0,0,0,0,0,0,0,1,0,0,0,0,0,0,0,0
I Took A Pill In Ibiza - SeeB Remix,0,0,0,0,1,0,0,0,0,1,0,0,0,0,0,1,0,0,0,0,0
I'm Yours,0,0,0,1,0,1,0,0,0,0,0,1,0,0,0,0,0,0,0,0,0
All Along the Watchtower,1,0,0,0,0,0,1,0,0,0,0,0,0,0,0,0,0,0,0,0,0
Carnival of Rust,0,0,0,1,0,0,1,0,0,0,0,0,0,0,0,0,0,0,0,0,0
We Don't Talk Anymore (feat. Selena Gomez),0,0,0,0,1,1,0,0,0,0,0,0,0,0,0,0,0,0,0,0,0
Ho Hey,0,0,0,0,1,0,1,0,1,0,0,0,0,0,0,0,0,0,0,0,0
Heart-Shaped Box,0,0,1,0,0,0,0,0,0,1,0,1,0,0,0,0,0,0,0,0,0
All of Me,0,0,0,0,1,1,0,0,0,0,0,1,0,0,0,0,0,0,0,0,0
Gimme Shelter,1,0,0,0,0,0,1,0,0,0,0,0,0,0,0,0,0,0,0,0,0
Thunderstruck,0,1,0,0,0,0,1,0,0,0,0,0,1,0,0,0,0,0,0,0,0
Happy,0,0,0,0,1,1,0,0,0,0,0,0,0,0,0,0,0,0,0,0,0
More Than a Feeling,1,0,0,0,0,0,1,0,0,0,0,0,0,1,0,0,0,0,0,0,0
Smoke on the Water,1,0,0,0,0,0,1,0,0,0,0,0,0,0,0,0,0,0,0,0,0
Brain Damage,1,0,0,0,0,1,0,0,0,0,0,0,0,0,0,0,0,0,0,0,0
Renegades,0,0,0,0,1,0,1,0,0,0,0,0,0,0,0,0,0,0,0,0,0
R U Mine?,0,0,0,0,1,0,1,0,0,0,0,0,0,0,0,0,0,0,0,0,0
Feels Like We Only Go Backwards,0,0,0,0,1,1,1,0,0,0,0,0,0,0,0,0,0,0,0,0,0
"Can't Stop The Feeling! (Original Song From Dreamworks Animation's ""Trolls"")",0,0,0,0,1,1,0,0,0,1,0,0,0,0,0,0,0,0,0,0,0
Wake Me Up When September Ends,0,0,0,1,0,1,1,0,0,0,0,0,0,0,0,0,0,0,0,0,0
Snow (Hey Oh),0,0,0,1,0,0,1,0,0,0,0,0,0,0,0,0,0,0,0,0,0
Stay with Me,0,0,0,0,1,1,0,0,0,0,0,0,0,0,0,0,0,0,0,0,0
Up&Up,0,0,0,0,1,0,1,0,0,0,0,0,0,0,0,0,0,0,0,0,0
Break on Through (to the Other Side),1,0,0,0,0,0,1,0,0,0,0,0,0,0,0,0,0,0,0,0,0
Paris,0,0,0,0,1,1,0,0,0,1,0,0,0,0,0,1,0,0,0,0,0
Can't Stop,0,0,0,1,0,1,1,0,0,0,0,0,0,0,0,0,0,0,0,0,0
Here Without You,0,0,0,1,0,0,1,0,0,0,0,0,0,0,1,0,0,0,0,0,0
Budapest,0,0,0,0,1,0,1,0,0,0,0,1,0,0,0,0,0,0,0,0,0
Dani California,0,0,0,1,0,0,1,0,0,0,0,0,0,0,1,0,0,0,0,0,0
Every Teardrop Is a Waterfall,0,0,0,1,0,0,1,0,0,0,0,0,0,0,0,0,0,0,0,0,0
Black,0,0,1,0,0,0,1,0,0,0,1,0,0,0,0,0,0,0,0,0,0
Lithium,0,0,1,0,0,0,1,0,0,0,1,0,0,0,0,0,0,0,0,0,0
The House of the Rising Sun,1,0,0,0,0,0,1,0,0,0,0,0,0,1,0,0,0,0,0,0,0
Going to California,1,0,0,0,0,0,1,0,0,0,0,0,0,0,0,0,0,0,0,0,0
Castle On the Hill,0,0,0,0,1,1,1,0,0,0,0,0,0,0,0,0,0,0,0,0,0
Gold,0,0,0,0,1,0,0,0,0,0,0,0,0,0,0,1,0,0,0,0,0
Otherside,0,0,1,0,0,0,1,0,0,0,0,0,0,0,1,0,0,0,0,0,0
When the Levee Breaks,1,0,0,0,0,0,1,0,0,0,0,0,0,0,0,0,0,0,0,0,0
Dark Necessities,0,0,0,0,1,0,1,0,0,0,0,0,0,0,1,0,0,0,0,0,0
Use Somebody,0,0,0,1,0,0,1,0,0,0,0,0,0,0,0,0,0,0,0,0,0
Stronger,0,0,0,0,1,1,0,0,0,1,0,0,0,0,0,0,0,0,0,0,0
Attention,0,0,0,0,1,1,0,0,0,0,0,0,0,0,0,0,0,0,0,0,0
Another One Bites the Dust,1,0,0,0,0,0,1,0,0,0,0,0,0,0,0,0,0,0,0,0,0
You're Beautiful,0,0,0,1,0,1,0,0,0,0,0,1,0,0,0,0,0,0,0,0,0
Set Fire to the Rain,0,0,0,0,1,1,0,0,0,0,0,0,0,0,0,0,0,0,0,0,0
Killing in the Name,0,0,1,0,0,0,1,0,0,0,0,0,1,0,0,0,0,0,0,0,0
Even Flow,0,0,1,0,0,0,1,0,0,0,1,0,0,0,0,0,0,0,0,0,0
Heartbeats,0,0,0,0,1,0,0,0,0,0,0,0,0,0,0,0,1,0,0,0,0
Violet Hill,0,0,0,1,0,0,1,0,0,0,0,0,0,0,0,0,0,0,0,0,0
On My Mind,0,0,0,0,1,1,0,0,0,0,0,0,0,0,0,0,0,0,0,0,0
Where Is My Mind?,0,1,0,0,0,0,1,0,0,0,0,0,0,0,0,0,0,0,0,0,0
This Is What You Came For,0,0,0,0,1,0,0,0,0,1,0,0,0,0,0,0,0,0,0,0,0
How Deep is your love,0,0,0,0,1,1,0,0,0,1,0,1,0,0,0,1,0,0,0,0,0
One,0,1,0,0,0,0,1,0,0,0,0,0,1,0,0,0,0,0,0,0,0
Beautiful Day,0,0,1,0,0,1,1,0,0,0,0,0,0,0,0,0,0,0,0,0,0
Africa,0,1,0,0,0,1,1,0,0,0,0,0,0,1,0,0,0,0,0,0,0
Summer of '69,0,1,0,0,0,0,1,0,0,0,0,0,0,0,0,0,0,0,0,0,0
Babe I'm Gonna Leave You,1,0,0,0,0,0,1,0,0,0,0,0,0,0,0,0,0,0,0,0,0
A Head Full of Dreams,0,0,0,0,1,0,1,0,0,1,0,0,0,0,0,0,0,0,0,0,0
Tessellate,0,0,0,0,1,0,1,0,0,0,0,0,0,0,0,1,0,0,0,0,0
The Man Who Sold the World,0,0,1,0,0,0,1,0,0,0,1,0,0,0,0,0,0,0,0,0,0
Work,0,0,0,0,1,0,0,0,0,1,0,0,0,0,0,0,0,0,0,0,0
The Sound of Muzak,0,0,0,1,0,0,1,0,0,0,0,0,0,0,0,0,0,0,0,0,0
24K Magic,0,0,0,0,1,1,0,0,0,0,0,0,0,0,1,0,0,0,0,0,0
Little Talks,0,0,0,0,1,0,0,0,1,0,0,0,0,0,0,0,0,1,0,0,0
Paper Planes,0,0,0,1,0,0,1,0,0,1,0,0,0,0,0,1,0,0,0,0,0
"Hey, Soul Sister",0,0,0,1,0,1,1,0,0,0,0,0,0,0,0,0,0,0,0,0,0
Rock and Roll,0,0,0,0,1,0,1,0,0,0,0,0,0,1,0,0,0,0,0,0,0
Panda,0,0,0,0,1,1,0,0,0,0,0,0,0,0,0,0,0,0,0,0,1
Ophelia,0,0,0,0,1,0,0,0,1,0,0,0,0,0,0,0,0,1,0,0,0
Crystalised,0,0,0,1,0,0,1,0,0,0,0,0,0,0,0,1,0,1,0,0,0
Say You Won't Let Go,0,0,0,0,1,1,0,0,0,0,0,0,0,0,0,0,0,0,0,0,0
Lonely Boy,0,0,0,0,1,0,1,0,0,0,0,0,0,0,0,0,0,0,0,0,0
Sympathy for the Devil,0,0,1,0,0,0,1,0,0,0,0,0,0,1,0,0,0,0,0,0,0
Jeremy,0,0,1,0,0,0,1,0,0,0,1,0,0,0,0,0,0,0,0,0,0
Let Me Love You,0,0,0,0,1,1,0,0,0,0,0,0,0,0,0,1,0,0,0,0,0
Awake,0,0,0,0,1,0,0,0,0,0,0,0,0,0,0,1,0,0,0,0,0
Titanium (feat. Sia),0,0,0,1,0,1,0,0,0,1,0,1,0,0,0,1,0,0,0,0,0
Knockin' on Heaven's Door,0,1,0,0,0,0,1,0,0,0,0,0,0,1,0,0,0,0,0,0,0
Take on Me,0,1,0,0,0,1,0,0,0,0,0,0,0,0,0,0,0,0,0,0,0
Animals,0,0,0,0,1,1,0,0,0,0,0,0,0,0,0,0,0,0,0,0,0
Iron Man,0,0,0,1,0,0,1,0,0,0,0,0,1,0,0,0,0,0,0,0,0
Every Breath You Take,1,0,0,0,0,1,1,0,0,0,0,0,0,1,0,0,0,0,0,0,0
woRK frOm HoMe,0,1,0,0,0,1,0,0,0,0,0,0,0,0,0,0,0,0,0,0,0
Livin' on a Prayer,0,0,0,1,0,0,1,0,0,0,0,0,0,0,0,0,0,0,0,0,0
Perfect,0,0,0,1,0,1,0,0,0,0,0,0,0,0,0,0,0,0,0,0,0
Want To Want Me,0,0,1,0,0,1,0,0,0,0,0,0,0,0,0,0,0,0,0,0,0
American Idiot,0,0,0,1,0,0,1,0,0,0,0,0,0,0,1,0,0,0,0,0,0
Time,0,0,0,1,0,0,0,0,0,0,0,0,0,0,0,0,0,0,0,0,0
Sunset Lover,0,0,1,0,0,0,0,0,0,0,0,1,0,0,0,0,0,0,0,0,0
Take Me Out,0,0,1,0,0,0,1,0,0,0,0,0,0,0,0,0,0,1,0,0,0
Hurt,0,1,0,0,0,0,0,1,1,0,0,0,0,0,0,0,1,0,0,0,0
Eclipse,0,1,0,0,0,0,1,0,0,0,0,0,0,1,0,0,0,0,0,0,0
Everything in Its Right Place,0,0,0,1,0,0,1,0,0,0,0,0,0,0,0,1,0,0,0,0,0
Somewhere Only We Know,1,0,0,0,0,1,1,0,0,0,0,0,0,0,0,0,0,1,0,0,0
Paint It Black,1,0,0,0,0,0,1,0,0,0,0,0,0,1,0,0,0,0,0,0,0
The Diary of Jane,1,0,0,0,0,0,1,0,0,0,0,0,0,0,0,0,0,0,0,0,0
Maps,0,0,0,1,0,1,0,0,0,0,0,1,0,0,0,0,0,0,0,0,0
PILLOWTALK,0,0,0,1,0,1,0,0,0,0,0,0,0,0,0,0,0,0,0,0,0
Rockabye (feat. Sean Paul & Anne-Marie),0,0,1,0,0,1,0,0,0,1,0,0,0,0,0,1,0,0,0,0,0
The Cave,0,0,1,0,0,0,0,0,1,0,0,0,0,0,0,0,0,1,0,0,0
Toxicity,0,0,1,0,0,0,1,0,0,0,0,0,1,0,0,0,0,0,0,0,0
Billie Jean,0,1,0,0,0,1,0,0,0,1,0,0,0,0,0,0,0,0,0,0,0
Drive,0,1,0,0,0,0,1,0,0,0,0,0,0,0,0,0,0,1,0,0,0
Redbone,0,0,1,0,0,0,0,0,0,0,0,1,0,0,1,0,0,0,0,0,0
Blowin' in the Wind,0,0,0,1,0,0,1,0,1,0,0,0,0,1,0,0,1,0,0,0,0
Something Just Like This,1,0,0,0,1,1,0,0,0,1,0,0,0,0,0,1,0,0,0,0,0
Purple Haze,0,1,0,0,0,0,1,0,0,0,0,0,0,0,0,0,0,0,0,0,0
I Will Follow You Into The Dark,0,0,0,1,0,0,0,0,0,0,0,1,0,0,0,0,1,1,0,0,0
Home,0,0,1,0,0,0,0,0,1,0,0,0,0,0,0,0,0,1,0,0,0
Hallelujah,0,0,0,1,0,0,1,0,0,0,0,0,0,0,0,0,1,0,0,0,0
Your Body Is a Wonderland,0,1,0,0,0,1,1,0,0,0,0,0,0,0,0,0,1,0,0,0,0
Bleed It Out,0,1,0,1,0,0,1,0,0,0,0,0,1,0,0,0,0,0,0,0,0
Ace of Spades,0,0,1,0,0,0,1,0,0,0,0,0,1,1,0,0,0,0,0,0,0
New Rules,0,0,1,0,0,1,0,0,0,1,0,0,0,0,0,0,0,0,0,0,0
Summer,0,0,0,1,0,0,0,0,0,1,0,0,0,0,0,1,0,0,0,0,0
Sunshine of Your Love,0,0,0,1,0,0,1,0,0,0,0,0,0,1,0,0,0,0,0,0,0
Roses,0,0,1,0,0,1,0,0,0,0,0,0,0,0,0,1,0,0,0,0,0
Naked As We Came,0,0,1,0,0,0,0,0,1,0,0,0,0,0,0,0,1,1,0,0,0
Go Your Own Way,0,0,0,1,0,1,1,0,0,0,0,0,0,1,0,0,0,0,0,0,0
Decks Dark,0,0,0,1,0,1,1,0,0,0,0,0,0,0,0,0,0,0,0,0,0
Cornfield Chase,0,0,0,1,0,0,0,0,0,0,0,0,0,0,0,0,0,0,0,1,0
Supermassive Black Hole,0,0,1,0,0,0,1,0,0,0,0,0,0,0,0,0,0,0,0,0,0
The A Team,0,0,1,0,0,1,0,0,0,0,0,0,0,0,0,0,1,0,0,0,0
One More Time,0,1,0,0,0,0,0,0,0,1,0,0,0,0,0,1,0,0,0,0,0
Points of Authority,0,0,1,1,0,0,1,0,0,0,0,0,1,0,0,0,0,0,0,0,0
Good Riddance (Time of Your Life),1,0,0,0,0,0,1,0,0,0,0,0,0,0,1,0,1,0,0,0,0
The Times They Are a-Changin',0,1,0,0,0,0,0,0,1,0,0,0,0,0,0,0,0,0,0,0,0
Avril 14th,1,0,0,0,0,0,1,0,0,0,0,0,0,1,0,0,0,0,0,0,0
See You Again (feat. Charlie Puth),1,0,0,0,0,1,0,0,0,0,0,0,0,0,0,0,0,0,0,1,0
Why'd You Only Call Me When You're High?,1,0,0,0,0,0,1,0,0,0,0,1,0,0,0,0,0,1,0,0,0
New Slang,0,1,0,0,0,0,1,0,0,0,0,0,0,0,0,0,0,1,0,0,0
Learning to Fly,0,1,0,0,0,0,1,0,0,0,0,0,0,0,0,0,0,0,0,0,0
The Greatest,0,0,1,0,1,1,0,0,0,1,0,0,0,0,0,0,0,0,0,0,0
Safe and Sound,0,0,1,0,1,1,0,0,0,0,0,0,0,0,0,1,0,0,0,0,0
Arabella,0,0,0,1,1,0,1,0,0,0,0,0,0,0,0,0,0,0,0,0,0
Gold,0,0,0,1,1,1,0,0,0,0,0,0,0,0,0,0,0,0,0,0,0
Threnody,0,0,0,1,0,0,0,0,0,0,0,0,0,1,0,0,0,0,0,0,0
Kids,0,0,0,1,0,0,0,0,0,1,0,0,0,0,0,1,0,0,0,0,0
Your Hand in Mine,0,0,1,0,0,0,1,0,0,0,0,0,0,0,0,0,0,0,0,0,0
Tears in Heaven,0,0,1,0,0,0,1,0,0,0,0,0,0,1,0,0,0,0,0,0,0
Georgia,0,0,0,0,1,0,1,0,0,0,0,0,0,0,0,0,0,0,0,0,0
Hey There Delilah,0,0,0,1,0,0,1,0,0,0,0,1,0,0,0,0,1,0,0,0,0
Last Resort,0,0,1,0,0,0,1,0,0,0,0,0,1,0,0,0,0,0,0,0,0
Elastic Heart,0,0,0,0,1,1,0,0,0,0,0,0,0,0,0,0,0,0,0,0,0
Fade to Black,0,1,0,0,0,0,1,0,0,0,0,0,1,0,0,0,0,0,0,0,0
One More Night,0,0,1,0,1,1,1,0,0,0,0,0,0,0,0,0,0,0,0,0,0
Any Colour You Like,1,0,0,0,0,0,1,0,0,0,0,0,1,0,0,0,0,0,0,0,0
What You Know,0,0,0,1,0,1,0,0,0,0,0,0,0,0,0,1,0,0,0,0,0
Clint Eastwood,0,0,1,0,0,0,1,0,0,0,0,0,0,0,0,1,0,0,0,0,0
Angels,0,0,0,0,1,1,0,0,0,0,0,0,0,0,0,0,0,1,0,0,0
Youth,0,0,0,0,1,0,0,0,1,0,0,0,0,0,0,0,0,1,0,0,0
Have a Cigar,1,0,0,0,0,0,1,0,0,0,0,0,0,1,0,0,0,0,0,0,0
21 Guns,0,0,0,1,0,0,1,0,0,0,0,0,0,0,0,0,0,0,0,0,0
Elephant,0,0,0,0,1,1,1,0,0,0,0,0,0,0,0,0,0,0,0,0,0
Gooey,0,0,0,0,0,1,0,0,0,0,0,0,0,0,0,0,0,1,0,0,0
Fireflies,0,0,0,1,0,0,1,0,0,0,0,0,0,0,0,1,0,0,0,0,0
(Don't Fear) The Reaper,1,0,0,0,0,0,1,0,0,0,0,0,0,1,0,0,0,0,0,0,0
DNA.,1,0,0,0,1,1,0,0,0,0,0,0,0,0,0,0,0,0,0,0,1
Uprising,0,0,0,1,0,0,1,0,0,0,0,0,0,0,0,0,0,0,0,0,0
Leave Out All the Rest,0,0,0,1,0,0,1,0,0,0,0,0,1,0,0,0,0,0,0,0,0
Hey Jude,1,0,0,0,0,0,1,0,0,0,0,0,0,1,0,0,0,0,0,0,0
Way Down We Go,0,0,1,0,1,0,0,0,0,0,0,0,0,0,0,0,0,1,0,0,0
My Way,0,1,0,0,1,0,0,0,0,0,0,0,0,0,0,1,0,0,0,0,0
It's Time,0,1,0,0,1,1,1,0,0,0,0,0,0,0,0,0,0,1,0,0,0
Into You,0,1,0,0,1,1,0,0,0,0,0,0,0,0,0,0,0,0,0,0,0
Without Me,0,0,1,0,0,1,0,0,0,0,0,0,0,0,0,0,0,0,0,0,1
Walk of Life,0,1,0,0,0,0,1,0,0,0,0,0,0,1,0,0,0,0,0,0,0
I See Fire,0,1,0,0,1,0,0,0,1,0,0,0,0,0,0,0,0,1,0,0,0
I Feel It Coming,0,0,1,0,1,1,0,0,0,0,0,0,0,0,0,1,0,0,0,0,0
Midnight,0,0,1,0,1,0,0,0,0,0,0,0,0,0,0,1,0,0,0,0,0
Roar,0,1,0,0,1,1,0,0,0,0,0,0,0,0,0,0,0,0,0,0,0
Learn to Fly,0,0,1,0,0,0,1,0,0,0,1,0,0,0,0,0,0,0,0,0,0
Burn,1,0,0,0,1,1,0,0,0,0,0,0,0,0,0,1,0,0,0,0,0
Best of You,0,0,0,1,0,0,1,0,0,0,1,0,0,0,0,0,0,0,0,0,0
Tighten Up,0,0,0,1,0,0,1,0,0,0,0,0,0,0,0,0,0,1,0,0,0
Wind of Change,0,1,0,0,0,0,1,0,0,0,0,0,0,1,0,0,0,0,0,0,0
Talking Body,0,1,0,0,1,1,0,0,0,0,0,0,0,0,0,1,0,0,0,0,0
A Walk,0,0,0,1,0,0,0,0,0,0,0,0,0,0,0,1,0,0,0,0,0
My House,0,0,1,0,1,1,0,0,0,0,0,0,0,0,0,0,0,0,0,0,0
Hymn For The Weekend - Seeb Remix,0,0,1,0,1,0,0,0,0,0,0,0,0,0,0,1,0,0,0,0,0
Mrs. Robinson,1,0,0,0,0,0,1,0,1,0,0,0,0,1,0,0,0,0,0,0,0
Here,0,0,0,1,1,1,0,0,0,0,0,0,0,0,0,0,0,0,0,0,0
On the Run,1,0,0,0,0,0,1,0,0,0,0,0,0,1,0,0,0,0,0,0,0
People Are Strange,1,0,0,0,0,0,1,0,0,0,0,0,0,1,0,0,0,0,0,0,0
Shiver,0,0,1,0,0,1,1,0,0,0,0,0,0,0,0,0,0,0,0,0,0
Layla,0,1,0,0,0,0,1,0,0,0,0,0,0,1,0,0,0,0,0,0,0
Born to Be Wild,1,0,0,0,0,0,1,0,0,0,0,0,0,1,0,0,0,0,0,0,0
Galway Girl,0,0,0,0,1,1,0,0,0,0,0,0,0,0,0,0,0,0,0,0,0
For What It's Worth,1,0,0,0,0,0,1,0,1,0,0,0,0,1,0,0,0,0,0,0,0
King Kunta,0,0,0,0,1,1,0,0,0,0,0,0,0,0,0,0,0,0,0,0,0
The End,1,0,0,0,0,0,1,0,0,0,0,0,0,1,0,0,0,0,0,0,0
Sparks,0,0,1,0,0,1,1,0,0,0,0,0,0,0,0,0,0,0,0,0,0
Fluorescent Adolescent,0,0,0,1,0,0,1,0,0,0,0,0,0,0,0,0,0,1,0,0,0
Mykonos,0,0,0,1,0,0,1,0,1,0,0,0,0,0,0,0,0,1,0,0,0
Money for Nothing,0,1,0,0,0,0,1,0,0,0,0,0,0,1,0,0,0,0,0,0,0
Left Hand Free,0,0,0,1,1,0,1,0,0,0,0,0,0,0,0,0,0,1,0,0,0
Mountain At My Gates,0,0,1,0,1,0,1,0,0,0,0,0,0,0,0,0,0,1,0,0,0
Young and Beautiful,0,0,0,1,1,0,0,0,0,0,0,0,0,0,0,0,0,1,0,0,0
Hero,0,1,0,0,1,0,0,0,1,0,0,0,0,0,0,0,0,1,0,0,0
Identikit,1,0,0,0,1,1,0,0,0,0,0,1,0,0,0,0,0,0,0,0,0
By the Way,0,0,0,1,0,1,0,0,0,0,0,0,0,0,0,0,0,0,0,0,0
Dazed and Confused,1,0,0,0,0,0,1,0,0,0,0,0,0,1,0,0,0,0,0,0,0
Bad Moon Rising,1,0,0,0,0,0,1,0,0,0,0,0,0,1,0,0,0,0,0,0,0
Summertime Sadness,0,1,0,0,1,1,0,0,0,0,0,0,0,0,0,0,0,1,0,0,0
Burn It Down,0,1,0,0,1,0,1,0,0,0,0,0,0,0,0,1,0,0,0,0,0
Retrograde,0,0,1,0,1,0,0,0,0,0,0,0,0,0,0,1,0,0,0,0,0
I Want You Back,1,0,0,0,0,1,0,0,0,0,0,0,0,0,0,0,0,0,0,0,0
Brown Eyed Girl,1,0,0,0,0,0,1,0,0,0,0,0,0,1,0,0,0,0,0,0,0
"Harder, Better, Faster, Stronger",0,0,1,0,0,0,0,0,0,1,0,0,0,0,0,1,0,0,0,0,0
I'm Not the Only One,0,1,0,0,1,1,0,0,0,0,0,0,0,0,0,0,0,0,0,0,0
Be Yourself,0,0,0,1,0,0,1,0,0,0,1,0,0,0,0,0,0,0,0,0,0
Only Love,0,0,0,1,0,1,0,0,0,0,0,1,0,0,0,0,1,1,0,0,0
Firestone,0,1,0,0,1,0,0,0,0,1,0,1,0,0,0,1,1,0,0,0,0
When We Were Young,0,0,1,0,1,1,0,0,0,0,0,0,0,0,0,0,0,0,0,0,0
Tenerife Sea,0,0,1,0,1,0,0,0,0,0,0,1,0,0,0,0,0,0,0,0,0
Love Myself,0,1,0,0,1,1,0,0,0,0,0,0,0,0,0,0,0,0,0,0,0
Electric Feel,0,0,0,1,0,0,0,0,0,1,0,0,0,0,0,1,0,1,0,0,0
White Rabbit,1,0,0,0,0,0,1,0,0,0,0,0,0,1,0,0,0,0,0,0,0
Hold Back the River,0,1,0,0,1,1,0,0,0,0,0,0,0,0,0,0,0,0,0,0,0
Strawberry Swing,0,0,0,1,0,0,1,0,0,0,0,0,0,0,0,0,0,0,0,0,0
From the Inside,0,0,0,1,0,0,1,0,0,0,0,0,1,0,0,0,0,0,0,0,0
Drops of Jupiter,0,0,1,0,0,1,1,0,0,0,0,0,0,0,0,0,0,0,0,0,0
Needed Me,0,1,0,0,1,1,0,0,0,0,0,0,0,0,0,1,0,0,0,0,0
True Love Waits,0,0,1,0,0,0,0,0,0,0,0,1,0,0,0,0,1,0,0,0,0
Dog Days Are Over,0,0,0,1,0,1,0,0,0,0,0,0,0,0,0,0,0,1,0,0,0
Boulevard of Broken Dreams,0,0,0,1,0,0,1,0,0,0,0,0,0,0,0,0,0,0,0,0,0
Crazy,0,0,0,1,0,1,0,0,0,0,0,0,0,0,0,0,0,0,0,0,0
Can't Hold Us (feat. Ray Dalton),0,0,0,0,1,0,0,0,0,0,0,0,0,0,0,0,0,0,0,0,1
We Will Rock You,1,0,0,0,0,0,1,0,0,0,0,0,0,1,0,0,0,0,0,0,0
No Money,1,0,0,0,1,0,0,0,0,1,0,0,0,0,0,1,0,0,0,0,0
Just the Way You Are,0,0,0,1,0,1,0,0,0,0,0,1,0,0,0,0,0,0,0,0,0
Marooned,0,0,1,0,0,0,1,0,0,0,0,0,0,1,0,0,0,0,0,0,0
Waiting For Love,1,0,0,0,0,0,0,0,0,1,0,0,0,0,0,0,0,0,0,0,0
Trap Queen,0,0,0,0,0,1,0,0,0,0,0,0,0,0,0,0,0,0,0,0,0
Mess Is Mine,0,1,0,0,0,0,0,0,1,0,0,1,0,0,0,0,0,1,0,0,0
Song 2,0,1,0,0,0,0,1,0,0,0,0,0,0,0,0,0,0,1,0,0,0
Show Me How To Live,0,0,1,0,0,0,1,0,0,0,0,0,0,0,0,0,0,0,0,0,0
Desert Island Disk,0,0,1,0,0,1,0,0,0,0,0,0,0,0,0,0,0,0,0,0,0
Time to Pretend,0,0,0,1,0,0,0,0,0,0,0,0,0,0,0,1,0,1,0,0,0
Let Down,0,0,0,1,0,0,1,0,0,0,0,0,0,0,0,0,0,0,0,0,0
Havana,0,0,0,1,0,1,0,0,0,1,0,1,0,0,0,0,0,0,0,0,0
The Happiest Days of Our Lives,0,0,1,0,0,0,1,0,0,0,0,0,0,1,0,0,0,0,0,0,0
Roadhouse Blues,0,1,0,0,0,0,1,0,0,0,0,0,0,0,0,0,0,0,0,0,0
Present Tense,0,0,1,0,0,1,0,0,0,0,0,0,0,0,0,0,0,0,0,0,0
Starlight,0,0,0,1,0,0,1,0,0,0,0,0,0,0,0,0,0,0,0,0,0
On Melancholy Hill,0,0,1,0,0,1,1,0,0,0,0,0,0,0,0,1,0,0,0,0,0
Love Me Again,0,1,0,0,0,1,0,0,0,0,0,1,0,0,0,0,0,0,0,0,0
Wonderful Tonight,0,0,1,0,0,0,1,0,0,0,0,0,0,0,0,0,0,0,0,0,0
Alright,1,0,0,0,0,0,0,0,0,0,0,0,0,0,0,0,0,0,0,0,1
Sweet Emotion,1,0,0,0,0,0,1,0,0,0,0,0,0,0,0,0,0,0,0,0,0
Heartbreaker,1,0,0,0,0,0,1,0,0,0,0,0,0,1,0,0,0,0,0,0,0
Have You Ever Seen The Rain?,0,1,0,0,0,0,1,0,0,0,0,0,0,1,0,0,0,0,0,0,0
Exit Music (for a Film),0,0,1,0,0,0,1,0,0,0,0,0,0,0,0,0,0,0,0,0,0
Fast Car - Radio Edit,0,0,1,0,0,1,0,0,0,0,0,0,0,0,0,1,0,0,0,0,0
Angel,0,0,1,0,0,0,0,0,0,0,0,0,0,0,0,1,0,0,0,0,0
Stolen Dance,0,1,0,0,0,0,0,0,1,0,0,0,0,0,0,0,0,1,0,0,0
Brothers in Arms,0,0,1,0,0,0,1,0,0,0,0,0,0,1,0,0,0,0,0,0,0
Nuvole Bianche,1,0,0,0,0,0,0,0,0,0,0,0,0,1,0,0,0,0,0,0,0
Fitzpleasure,0,0,0,1,0,0,1,0,0,0,0,0,0,0,0,1,0,0,0,0,0
Piano Man,0,0,1,0,0,0,1,0,0,0,0,0,0,1,0,0,0,0,0,0,0
Giorgio by Moroder,0,1,0,0,0,0,0,0,0,1,0,0,0,0,0,1,0,0,0,0,0
Capsize,0,1,0,0,0,1,0,0,0,1,0,0,0,0,0,1,0,0,0,0,0
Never Be Like You (feat. Kai),0,0,1,0,0,1,0,0,0,0,0,0,0,0,0,0,0,0,0,0,0
Lotus Flower,0,1,0,0,0,0,1,0,0,0,0,0,0,0,0,1,0,0,0,0,0
It's My Life,0,1,0,0,0,0,1,0,0,0,0,0,0,1,0,0,0,0,0,0,0
Give Life Back to Music,0,0,1,0,0,1,0,0,0,1,0,0,0,0,0,1,0,0,0,0,0
Stole The Show,0,0,0,1,0,0,0,0,0,0,0,0,0,0,0,1,0,0,0,0,0
Lying from You,0,0,1,1,0,0,1,0,0,0,0,0,1,0,0,0,0,0,0,0,0
Bulls on Parade,0,1,0,0,0,0,1,0,0,0,0,0,0,0,0,0,0,0,0,0,1
Kong,1,0,0,0,0,1,0,0,0,0,0,0,0,0,0,1,0,0,0,0,0
Are You Gonna Be My Girl,1,0,0,0,0,0,1,0,0,0,0,0,0,0,0,0,0,1,0,0,0
Talk,0,0,0,1,0,0,1,0,0,0,0,0,0,0,0,0,0,0,0,0,0
Skinny Love,0,1,0,0,0,0,0,0,0,0,0,0,0,0,0,0,0,0,0,1,0
Who Says,0,1,0,0,0,1,1,0,1,0,0,0,0,0,0,0,1,0,0,0,0
White Room,0,0,1,0,0,0,1,0,0,0,0,0,0,1,0,0,0,0,0,0,0
Open Car,0,0,1,0,0,0,1,0,0,0,0,0,1,0,0,0,0,0,0,0,0
Loser,0,0,0,1,0,0,1,0,0,0,0,0,0,0,0,0,0,1,0,0,0
No One Knows,0,0,1,0,0,0,1,0,0,0,0,0,0,0,0,0,0,0,0,0,0
On Top of the World,0,0,0,1,0,0,1,0,0,0,0,0,0,0,0,0,0,1,0,0,0
In the Waiting Line,0,1,0,0,0,0,0,0,0,0,0,1,0,0,0,1,0,0,0,0,0
Charlie Brown,0,0,0,1,0,0,1,0,0,0,0,0,0,0,0,0,0,0,0,0,0
Castle of Glass,0,0,0,1,0,0,1,0,0,0,0,0,0,0,0,1,0,0,0,0,0
Halo,0,0,0,1,0,0,1,0,0,0,0,0,1,0,0,0,0,0,0,0,0
I Will Wait,0,0,0,1,0,0,0,1,1,0,0,0,0,0,0,0,0,1,0,0,0
A Place for My Head,0,0,1,0,0,0,1,0,0,0,0,0,1,0,0,0,0,0,0,0,0
Tom Sawyer,1,0,0,0,0,0,1,0,0,0,0,0,0,1,0,0,0,0,0,0,0
Skyfall,0,1,0,0,0,1,0,0,0,0,0,0,0,0,0,0,0,0,0,1,0
Should Have Known Better,0,1,0,0,0,0,0,0,0,0,0,0,0,0,0,0,0,1,0,0,0
Eventually,0,0,1,0,0,1,1,0,0,0,0,0,0,0,0,0,0,0,0,0,0
"Me, Myself & I",0,0,1,0,0,1,1,0,0,0,0,0,0,0,0,0,0,0,0,0,0
Fun (feat. Tove Lo),0,0,1,0,0,1,1,0,0,0,0,1,0,0,0,0,0,0,0,0,0
Birds,0,0,0,1,0,0,1,0,0,0,0,0,0,0,0,0,0,0,0,0,0
Airbag,0,0,1,0,0,0,1,0,0,0,0,0,0,0,0,0,0,0,0,0,0
Rude,0,1,0,0,0,1,0,0,0,0,0,0,0,0,0,0,0,0,0,0,0
Walk This Way,0,0,1,0,0,0,1,0,0,0,0,0,0,1,0,0,0,0,0,0,0
Same Old Love,0,1,0,0,0,1,0,0,0,0,0,1,0,0,0,0,0,0,0,0,0
In the Name of Love,0,0,0,1,0,1,0,0,0,0,0,1,0,0,0,0,0,0,0,0,0
Nothing it Can,0,0,0,1,0,0,0,0,0,0,0,1,0,0,0,0,0,0,0,0,0
Howlin' for You,0,0,0,1,0,0,1,0,0,0,0,0,0,0,0,0,0,1,0,0,0
Highway Star,1,0,0,0,0,0,1,0,0,0,0,0,0,1,0,0,0,0,0,0,0
Glass Eyes,1,0,0,0,0,1,0,0,0,0,0,0,0,0,0,0,0,0,0,0,0
Somebody to Love,1,0,0,0,0,0,1,0,0,0,0,0,0,0,0,0,0,0,0,0,0
Welcome to the Machine,0,1,0,0,0,0,1,0,0,0,0,0,0,1,0,0,0,0,0,0,0
Passionfruit,0,0,1,0,0,0,0,0,0,1,0,0,0,0,0,0,0,0,0,0,0
Cirrus,0,1,0,0,0,0,0,0,0,0,0,0,0,0,0,1,0,0,0,0,0
Ful Stop,0,0,1,0,0,0,1,0,0,0,0,0,0,0,1,0,0,0,0,0,0
Two Weeks,0,1,0,0,0,0,1,0,0,0,0,0,0,0,0,0,0,1,0,0,0
One,0,1,0,0,0,1,1,0,0,0,0,0,0,1,0,0,0,0,0,0,0
Carry on Wayward Son,0,1,0,0,0,0,1,0,0,0,0,0,0,1,0,0,0,0,0,0,0
Waiting on the World to Change,0,0,1,0,0,1,1,0,0,0,0,0,0,0,0,0,1,0,0,0,0
Drag Me Down,0,0,0,1,0,1,0,0,0,0,0,1,0,0,0,0,0,0,0,0,0
Stay,0,0,1,0,0,0,0,0,0,0,0,0,0,0,0,1,0,0,0,0,0
Islands,0,0,1,0,0,0,1,0,0,0,0,0,0,0,0,0,0,1,0,0,0
Shake It Off,0,0,1,0,0,1,0,0,0,0,0,1,0,0,0,0,0,0,0,0,0
Would?,0,1,0,0,0,0,1,0,0,0,1,0,0,0,0,0,0,0,0,0,0
Runaway,0,0,1,0,0,0,1,0,0,0,0,0,1,0,0,0,0,0,0,0,0
The Chain,0,0,0,1,0,0,1,0,0,0,0,0,0,1,0,0,0,0,0,0,0
Hoppípolla,0,0,0,1,0,0,1,0,0,0,0,0,0,0,0,0,0,0,0,0,0
Rather Be (feat. Jess Glynne),0,0,1,0,0,1,0,0,0,1,0,0,0,0,0,1,0,1,0,0,0
Kiara,0,0,1,0,0,1,0,0,0,0,0,0,0,0,0,1,0,0,0,0,0
Runaway (U & I),0,1,0,0,0,0,0,0,0,1,0,0,0,0,0,0,0,0,0,0,0
There's Nothing Holdin' Me Back,0,0,1,0,0,1,1,0,0,0,0,0,0,0,0,0,0,0,0,0,0
Deadwing,0,0,1,0,0,0,1,0,0,0,0,0,1,0,0,0,0,0,0,0,0
Lose Yourself,0,1,0,0,0,1,0,0,0,0,0,0,0,0,0,0,0,0,0,1,1
Lost!,0,0,0,1,0,0,1,0,0,0,0,0,0,0,0,0,0,0,0,0,0
Centuries,0,0,1,0,0,0,1,0,0,0,0,0,0,0,1,0,0,0,0,0,0
Take It Easy,0,0,0,1,0,0,1,1,0,0,0,0,0,1,0,0,0,0,0,0,0
Day One,0,0,1,0,0,0,0,0,0,0,0,0,0,0,0,0,0,0,0,1,0
Firework,0,0,1,0,0,1,0,0,0,1,0,0,0,0,0,0,0,0,0,0,0
Since I've Been Loving You,0,0,1,0,0,0,1,0,0,0,0,0,0,1,0,0,0,0,0,0,0
Cold Water (feat. Justin Bieber & MØ),0,1,0,0,0,1,0,0,0,1,0,0,0,0,0,1,0,0,0,0,0
Sweet Disposition,0,0,0,1,0,0,1,0,0,0,0,0,0,0,0,0,0,1,0,0,0
Last Nite,0,0,0,1,0,0,0,1,0,0,0,0,0,0,0,0,0,0,0,0,0
To Build a Home,1,0,0,0,1,0,0,0,1,0,0,0,0,0,0,1,0,0,0,0,0
The Moment,1,0,0,0,1,0,1,0,0,0,0,0,0,0,0,0,0,0,0,0,0
Let It Be,1,0,0,0,0,0,1,0,0,0,0,0,0,0,0,0,0,0,0,0,0
Blank Space,0,0,0,0,1,1,0,0,0,0,0,0,0,0,0,0,0,0,0,0,0
Ain't No Sunshine,1,0,0,0,0,0,0,0,0,0,0,0,0,1,0,0,0,0,0,0,0
Best Day of My Life,0,0,0,0,1,0,1,0,0,0,0,0,0,0,0,0,0,0,0,0,0
I Want It That Way,0,0,0,1,0,1,0,0,0,0,0,0,0,0,0,0,0,0,0,0,0
Hunger of the Pine,1,0,0,0,1,0,1,0,0,0,0,0,0,0,0,0,0,0,0,0,0
Old Pine,0,1,0,0,1,1,1,0,1,0,0,0,0,0,0,0,0,0,0,0,0
Lay It All On Me (feat. Ed Sheeran),0,0,1,0,1,0,0,0,0,0,0,0,0,0,0,1,0,0,0,0,0
1979,0,0,1,0,0,0,0,0,0,0,0,0,0,0,0,0,0,1,0,0,0
Madness,1,0,0,0,0,0,0,0,0,0,0,0,0,0,0,0,0,1,0,0,0
Rap God,0,0,0,1,0,0,0,0,0,0,0,0,0,0,0,0,0,0,0,0,1
Despacito - Remix,0,1,0,0,1,1,0,0,0,0,0,0,0,0,0,0,0,0,0,0,0
That's What I Like,0,0,1,0,1,0,0,0,0,0,0,0,0,0,0,0,0,0,0,0,0
Middle,1,0,0,0,1,0,0,0,0,0,0,0,0,0,0,1,0,0,0,0,0
Basket Case,0,0,1,0,0,0,0,0,0,0,0,0,0,0,0,0,0,1,0,0,0
Life in Technicolor,0,0,0,1,0,0,1,0,0,0,0,0,0,0,0,0,0,1,0,0,0
Too Good,0,0,0,0,1,0,0,0,0,0,0,0,0,0,0,0,0,0,0,0,1
All the Small Things,0,0,1,0,0,0,0,0,0,0,0,0,0,0,0,0,0,1,0,0,0
Come Together,1,0,0,0,0,1,1,0,0,0,0,0,0,0,0,0,0,0,0,0,0
Roads,0,0,1,0,0,0,1,0,0,0,0,0,0,0,0,0,0,0,0,0,0
Taro,0,0,0,0,1,0,1,0,0,0,0,0,0,0,0,0,0,1,0,0,0
Dancing Queen,1,0,0,0,0,1,0,0,0,1,0,0,0,0,0,0,0,0,0,0,0
Cheerleader - Felix Jaehn Remix Radio Edit,0,0,0,0,1,1,0,0,0,0,0,0,0,0,0,0,0,0,0,0,0
Echoes,1,0,0,0,0,0,1,0,0,0,0,0,0,1,0,0,0,0,0,0,0
Don't Wanna Know,0,0,0,0,1,0,0,0,0,0,0,0,0,0,0,1,0,0,0,0,1
Somebody Told Me,0,0,0,1,0,0,1,0,0,0,0,0,0,0,0,0,0,1,0,0,0
Don't Look Back in Anger,0,0,1,0,0,0,1,0,0,0,0,0,0,0,0,0,0,0,0,0,0
Here Comes the Sun,1,0,0,0,0,0,1,0,0,0,0,0,0,1,0,0,0,0,0,0,0
Latch (feat. Sam Smith),0,0,0,0,1,0,0,0,0,0,0,0,0,0,0,1,0,0,0,0,0
First Day of My Life,0,0,0,1,0,0,0,0,0,0,0,0,0,0,0,0,1,1,0,0,0
"Another Brick in the Wall, Pt. 2",1,0,0,0,0,0,1,0,0,0,0,0,0,0,0,0,0,0,0,0,0
15 Step,0,0,0,1,0,0,1,0,0,0,0,0,0,0,0,0,0,1,0,0,0
House of Cards,0,0,0,1,0,0,1,0,0,0,0,0,0,0,0,0,0,1,0,0,0
God Put a Smile Upon Your Face,0,0,0,1,0,0,1,0,0,0,0,0,0,0,0,0,0,1,0,0,0
Take a Look Around,0,0,1,0,0,0,1,0,0,0,0,0,0,0,0,0,0,0,0,0,0
No Quarter,1,0,0,0,0,1,1,0,0,0,0,0,0,0,0,1,0,0,0,0,0
Final Song,0,0,0,0,1,1,0,0,0,0,0,0,0,0,0,1,0,0,0,0,0
You Give Love a Bad Name,0,1,0,0,0,0,1,0,0,0,0,0,0,0,0,0,0,0,0,0,0
To Be Alone With You,0,0,0,1,0,0,0,0,1,0,0,0,0,0,0,0,1,1,0,0,0
"Comptine d'un autre été, L'Après-midi",0,0,0,1,0,0,0,0,0,0,0,0,0,0,0,0,0,0,0,0,0
Behind Blue Eyes,1,0,0,0,0,0,0,0,0,0,0,0,0,0,0,0,1,0,0,0,0
Spirit in the Sky,1,0,0,0,0,0,1,0,0,0,0,0,0,1,0,0,0,0,0,0,0
No Diggity,0,1,0,0,0,1,0,0,0,0,0,0,0,0,0,0,0,0,0,0,0
Always in My Head,0,0,0,0,1,1,1,0,0,0,0,0,0,0,0,0,0,1,0,0,0
All Apologies,0,0,1,0,0,0,1,0,0,0,0,0,0,0,0,0,0,1,0,0,0
Romeo and Juliet,1,0,0,0,0,0,1,0,0,0,0,0,0,0,0,0,0,0,0,0,0
One Call Away,0,0,0,0,1,1,0,0,0,0,0,0,0,0,0,0,0,0,0,0,0
About a Girl,0,1,0,0,0,0,1,0,0,0,1,0,0,0,0,0,0,0,0,0,0
Shadow of the Day,0,0,0,1,0,0,1,0,0,0,0,0,0,0,0,0,0,0,0,0,0
Water Under The Bridge,0,0,0,0,1,1,0,0,0,0,0,0,0,0,0,1,0,0,0,0,0
Barcelona,0,0,0,0,1,1,0,0,0,0,0,0,0,0,0,0,0,0,0,0,0
Love Her Madly,1,0,0,0,0,0,1,0,0,0,0,0,0,0,0,0,0,0,0,0,0
Mr. Tambourine Man,1,0,0,0,0,0,0,0,1,0,0,0,0,0,0,0,0,0,0,0,0
The Numbers,0,0,0,0,1,1,0,0,0,0,0,0,0,0,0,0,0,0,0,0,0
Never Forget You,0,0,0,0,1,1,0,0,0,0,0,0,0,0,0,1,0,0,0,0,0
True Love,0,0,0,0,1,0,0,0,0,0,0,0,0,0,0,1,0,1,0,0,0
Kaleidoscope,0,0,0,0,1,0,1,0,0,0,0,0,0,0,0,0,0,1,0,0,0
Born to Die,0,0,0,0,1,1,0,0,0,0,0,0,0,0,0,0,0,1,0,0,0
Float On,0,0,0,1,0,0,1,0,0,0,0,0,0,0,0,0,0,1,0,0,0
Sad but True,0,0,1,0,0,0,1,0,0,0,0,0,1,0,0,0,0,0,0,0,0
Gravity,0,0,0,1,0,0,1,0,0,0,0,0,0,0,0,0,1,0,0,0,0
Every Other Freckle,0,0,0,0,1,0,1,0,0,0,0,0,0,0,0,0,0,1,0,0,0
Starving,0,0,0,0,1,1,1,0,0,0,0,0,0,0,0,0,0,0,0,0,0
"I Hate U, I Love U (feat. Olivia O'Brien)",0,0,0,0,1,1,0,0,0,0,0,0,0,0,0,0,0,0,0,0,0
While My Guitar Gently Weeps,1,0,0,0,0,0,1,0,0,0,0,0,0,0,0,0,0,0,0,0,0
Green Light,0,0,0,0,1,1,0,0,0,1,0,0,0,0,0,0,0,0,0,0,0
Everybody Hurts,0,0,1,0,0,1,0,0,0,0,0,0,0,0,0,0,0,0,0,0,0
Rockstar,0,0,0,0,1,0,0,0,0,0,0,0,0,0,0,0,0,0,0,0,1
Solo Dance,0,0,0,0,1,0,0,0,0,0,0,0,0,0,0,1,0,0,0,0,0
Street Spirit (Fade Out),0,0,0,1,0,0,1,0,0,0,0,0,0,0,0,0,0,1,0,0,0
Porcelain,0,0,1,0,0,0,0,0,0,0,0,0,0,0,0,1,0,0,0,0,0
Doin' It Right (feat. Panda Bear),0,0,0,0,1,0,0,0,0,0,0,0,0,0,0,1,0,0,0,0,0
Mother,1,0,0,0,0,0,1,0,0,0,0,0,0,0,0,0,0,0,0,0,0
Issues,0,0,0,0,1,1,0,0,0,0,0,0,0,0,0,0,0,0,0,0,0
Shallow,0,0,0,1,0,0,1,0,0,0,0,0,1,0,0,0,0,0,0,0,0
Mountains,0,0,0,0,1,0,0,0,0,0,0,0,0,0,0,0,0,0,0,0,0
A-Punk,0,0,0,1,0,1,1,0,0,0,0,0,0,0,0,0,0,1,0,0,0
Glory Box,0,0,1,0,0,0,0,0,0,0,0,0,0,0,0,1,0,0,0,0,0
Mirrors,0,0,0,0,1,1,0,0,0,0,0,0,0,0,0,0,0,0,0,0,0
Slow Dancing in a Burning Room,0,0,0,1,0,0,1,0,0,0,0,0,0,0,0,0,1,0,0,0,0
Good for You,0,0,0,0,1,1,0,0,0,0,0,0,0,0,0,0,0,0,0,0,0
Sail,0,0,0,0,1,0,0,0,0,0,0,0,0,0,0,1,0,0,0,0,0
My Immortal,0,0,1,0,0,0,1,0,0,0,0,0,0,0,0,0,0,0,0,0,0
How You Remind Me,0,0,0,1,0,0,1,0,0,0,0,0,0,0,0,0,0,0,0,0,0
Fast Car,0,0,0,0,1,0,0,0,1,0,0,0,0,0,0,0,1,0,0,0,0
Free Fallin',0,1,0,0,0,1,0,0,0,0,0,0,0,0,0,0,0,0,0,0,0
Party Monster,0,0,0,0,1,1,0,0,0,0,0,0,0,0,0,1,0,0,0,0,0
Hide Away,0,0,0,0,1,1,0,0,0,0,0,0,0,0,0,0,0,0,0,0,0
Reckoner,0,0,0,1,0,0,1,0,0,0,0,0,0,0,0,0,0,1,0,0,0
Hey Joe,1,0,0,0,0,0,1,0,0,0,0,0,0,1,0,0,0,0,0,0,0
The Monster,0,0,0,0,1,1,0,0,0,0,0,0,0,0,0,0,0,0,0,0,1
Till I Collapse,0,0,0,1,0,0,0,0,0,0,0,0,0,0,0,0,0,0,0,0,1
Windowpane,0,0,0,1,0,0,1,0,0,0,0,0,1,0,0,0,0,0,0,0,0
Bloom - Bonus Track,0,0,0,0,1,0,0,0,0,0,0,0,0,0,0,0,0,1,0,0,0
Light It Up (feat. Nyla & Fuse ODG) [Remix],0,0,0,0,1,0,0,0,0,1,0,0,0,0,0,1,0,0,0,0,0
Imagine,1,0,0,0,0,0,1,0,0,0,0,0,0,0,0,0,0,0,0,0,0
All Star,0,0,1,0,0,1,1,0,0,0,0,0,0,0,0,0,0,0,0,0,0
Dirty Paws,0,0,0,0,1,0,1,0,1,0,0,0,0,0,0,0,0,1,0,0,0
Man in the Box,0,1,0,0,0,0,1,0,0,0,1,0,0,0,0,0,0,0,0,0,0
I Won't Give Up,0,0,0,0,1,1,0,0,0,0,0,0,0,0,0,0,0,1,0,0,0
La femme d'argent,0,0,1,0,0,0,0,0,0,0,0,0,0,0,0,1,0,0,0,0,0
Simple Man,1,0,0,0,0,0,1,0,0,0,0,0,0,0,0,0,0,0,0,0,0
Johnny B. Goode,0,1,0,0,0,0,1,0,0,0,0,0,0,0,0,0,0,0,0,0,0
American Pie,1,0,0,0,0,0,1,0,1,0,0,0,0,0,0,0,0,0,0,0,0
L.A. Woman,1,0,0,0,0,0,1,0,0,0,0,0,0,0,0,0,0,0,0,0,0
My Sweet Lord,1,0,0,0,0,0,1,0,0,0,0,0,0,0,0,0,0,0,0,0,0
Famous,0,0,0,0,1,0,0,0,0,0,0,0,0,0,0,0,0,0,0,0,1
The Night We Met,0,0,0,0,1,0,0,0,0,0,0,0,0,0,0,0,0,1,0,0,0
Reptilia,0,0,0,1,0,0,1,0,0,0,0,0,0,0,0,0,0,1,0,0,0
Sweater Weather,0,0,0,0,1,0,0,0,0,0,0,0,0,0,0,0,0,1,0,0,0
Locked Out of Heaven,0,0,0,0,1,1,0,0,0,0,0,0,0,0,0,0,0,0,0,0,0
Complicated,0,0,0,0,1,1,1,0,0,0,0,0,0,0,0,0,0,0,0,0,0
Between the Bars,0,0,1,0,0,0,0,0,0,0,0,0,0,0,0,0,1,1,0,0,0
Warning Sign,0,0,0,1,0,0,1,0,0,0,0,0,0,0,0,0,0,0,0,0,0
The Real Slim Shady,0,0,1,0,0,0,0,0,0,0,0,0,0,0,0,0,0,0,0,0,1
The Final Countdown,0,1,0,0,0,0,1,0,0,0,0,0,0,0,0,0,0,0,0,0,0
Cool for the Summer,0,0,0,0,1,0,0,0,0,0,0,0,0,0,0,0,0,0,0,0,0
All I Need,0,0,0,0,1,1,0,0,0,0,0,0,0,0,0,0,0,0,0,0,0
This Love,0,0,0,1,0,1,1,0,0,0,0,0,0,0,0,0,0,0,0,0,0
Champagne Supernova,0,0,1,0,0,0,1,0,0,0,0,0,0,0,0,0,0,0,0,0,0
Hands to Myself,0,0,0,0,1,1,0,0,0,0,0,0,0,0,0,0,0,0,0,0,0
A Horse With No Name,1,0,0,0,0,0,1,0,1,0,0,0,0,0,0,0,0,0,0,0,0
Blue in Green,1,0,0,0,0,0,0,0,0,0,0,0,0,1,0,0,0,0,0,0,0
Yellow Ledbetter,0,0,1,0,0,0,1,0,0,0,1,0,0,0,0,0,0,0,0,0,0
Hooked on a Feeling,1,0,0,0,0,0,1,0,0,0,0,0,0,0,0,0,0,0,0,1,0
Someone New,0,0,0,0,1,0,0,0,0,0,0,0,0,0,0,0,0,1,0,0,0
The Ocean,0,0,0,0,1,0,0,0,0,1,0,0,0,0,0,0,0,0,0,0,0
I Bet You Look Good on the Dancefloor,0,0,0,1,0,0,1,0,0,0,0,0,0,0,0,0,0,1,0,0,0
We Found Love (feat. Calvin Harris),0,0,0,0,1,1,0,0,0,1,0,0,0,0,0,1,0,0,0,0,0
Cry Me a River,0,0,0,1,0,1,0,0,0,1,0,0,0,0,0,0,0,0,0,0,0
Pull Me Under,0,0,1,0,0,0,1,0,0,0,0,0,1,0,0,0,0,0,0,0,0
"So Long, Lonesome",0,0,0,1,0,0,1,0,0,0,0,0,0,0,0,1,0,0,0,0,0
Light It Up (feat. Nyla & Fuse ODG) - Remix,0,0,0,0,1,0,0,0,0,0,0,0,0,0,0,1,0,0,0,0,0
What Lovers Do (feat. SZA),0,0,0,0,1,1,0,0,0,1,0,0,0,0,0,0,0,0,0,0,0
Wild Things,0,0,0,0,1,1,0,0,0,0,0,0,0,0,0,0,0,0,0,0,0
Down With the Sickness,0,0,0,0,0,0,1,0,0,0,0,0,1,0,0,0,0,0,0,0,0
Just,0,0,0,0,1,0,1,0,0,0,0,0,0,0,0,0,0,0,0,0,0
(I Can't Get No) Satisfaction,1,0,0,0,0,0,1,0,0,0,0,0,0,1,0,0,0,0,0,0,0
Apologize,0,0,0,1,0,1,1,0,0,0,0,0,0,0,0,0,0,0,0,0,0
Wait,0,0,0,0,1,0,0,0,0,0,0,0,0,0,0,1,0,1,0,0,0
Keep Talking,0,0,1,0,0,0,1,0,0,0,0,0,0,1,0,0,0,0,0,0,0
Ex's & Oh's,0,0,0,0,1,0,1,0,0,0,0,0,0,0,0,0,0,0,0,0,0
Lose Yourself - Soundtrack Version,0,0,0,1,0,0,0,0,0,0,0,0,0,0,0,0,0,0,0,0,1
Wherever I Go,0,0,0,0,1,1,1,0,0,0,0,0,0,0,0,0,0,0,0,0,0
Amazing day,0,0,0,0,1,0,1,0,0,0,0,0,0,0,0,0,0,0,0,0,0
Shimmer,0,0,1,0,0,1,0,0,0,0,0,0,0,0,0,0,0,0,0,0,0
Call Me Maybe,0,0,0,0,1,1,0,0,0,1,0,0,0,0,0,0,0,0,0,0,0
Walking on a Dream,0,0,0,1,0,1,0,0,0,0,0,0,0,0,0,1,0,1,0,0,0
Pushing Me Away,0,0,1,0,0,0,1,0,0,0,0,0,1,0,0,0,0,0,0,0,0
Cochise,0,0,0,1,0,0,1,0,0,0,0,0,0,0,0,0,0,0,0,0,0
Rock You Like a Hurricane,0,1,0,0,0,0,0,0,0,0,0,0,0,0,0,0,0,0,0,0,0
In The Night,0,0,0,0,1,0,1,0,0,0,0,0,1,0,0,0,0,0,0,0,0
Team,0,0,0,0,1,1,0,0,0,0,0,0,0,0,0,1,0,1,0,0,0
Thriller,0,0,0,1,0,1,0,0,0,1,0,0,0,0,0,0,0,0,0,0,0
I Still Haven't Found What I'm Looking For,0,1,0,0,0,0,1,0,0,0,0,0,0,0,0,0,0,0,0,0,0
Walk on the Wild Side,1,0,0,0,0,0,1,0,0,0,0,0,0,0,0,0,0,0,0,0,0
Take Me Somewhere Nice,0,0,0,1,0,0,1,0,0,0,0,0,0,0,0,0,0,1,0,0,0
Get Lucky (Radio Edit) [feat. Pharrell Williams],0,0,0,0,1,0,0,0,0,1,0,0,0,0,1,1,0,0,0,0,0
How to Disappear Completely,0,0,1,0,0,0,1,0,0,0,0,0,0,0,0,0,0,0,0,0,0
Spies,0,0,1,0,0,0,1,0,0,0,0,0,0,0,0,0,0,0,0,0,0
Ink,0,0,0,0,1,1,0,0,0,0,0,0,0,0,0,0,0,0,0,0,0
Tinker Tailor Soldier Sailor Rich Man Poor Man Beggar Man Thief,0,0,0,0,1,1,0,0,0,0,0,0,0,0,0,1,0,0,0,0,0
Army of One,0,0,0,0,1,0,1,0,0,0,0,0,0,0,0,0,0,0,0,0,0
Video Games,0,0,0,0,1,1,0,0,0,0,0,0,0,0,0,0,0,1,0,0,0
Back to Black,0,0,0,1,0,0,0,0,0,0,0,0,0,1,0,0,0,0,0,0,0
White Winter Hymnal,0,0,0,0,1,0,0,0,1,0,0,0,0,0,0,0,0,1,0,0,0
Green Eyes,0,0,0,1,0,1,1,0,0,0,0,0,0,0,0,0,0,0,0,0,0
Don't,0,0,0,0,1,1,1,0,0,0,0,0,0,0,0,0,0,0,0,0,0
A Thousand Years,0,0,0,0,1,0,1,0,0,0,0,0,0,0,0,0,0,0,0,0,0
D'yer Mak'er,1,0,0,0,0,0,1,0,0,0,0,0,0,0,0,0,0,0,0,0,0
Stay With Me - Live From Spotify Berlin,0,0,0,0,1,1,0,0,0,0,0,0,0,0,0,0,0,0,0,0,0
Fade Into You,0,0,1,0,0,1,0,0,0,0,0,0,0,0,0,0,0,1,0,0,0
Am I Wrong,0,0,0,0,1,1,0,0,0,0,0,0,0,0,0,0,0,0,0,0,0
Alone in Kyoto,0,0,0,1,0,0,0,0,0,0,0,0,0,0,0,1,1,0,0,0,0
The Only Thing,0,0,0,0,1,0,0,0,1,0,0,0,0,0,0,0,0,1,0,0,0
Where Are Ü Now (with Justin Bieber),0,0,0,0,1,0,0,0,0,1,0,0,0,0,0,0,0,0,0,0,0
Controlla,0,0,0,0,1,0,0,0,0,0,0,0,0,0,0,0,0,0,0,0,1
Better Together,0,0,0,1,0,0,0,0,0,0,0,0,0,0,0,0,1,0,0,0,0
Power,0,0,0,0,1,0,0,0,0,0,0,0,0,0,0,0,0,0,0,0,1
Re: Stacks,0,0,0,1,0,0,0,0,1,0,0,0,0,0,0,0,1,1,0,0,0
For Whom the Bell Tolls,0,1,0,0,0,0,0,0,0,0,0,0,1,0,0,0,0,0,0,0,0
Levels,0,0,0,0,1,0,0,0,0,1,0,0,0,0,0,1,0,0,0,0,0
T.N.T.,1,0,0,0,0,0,1,0,0,0,0,0,0,0,0,0,0,0,0,0,0
Scars To Your Beautiful,0,0,0,0,1,1,0,0,0,0,0,0,0,0,0,0,0,0,0,0,0
I Gotta Feeling,0,0,0,1,0,1,0,0,0,1,0,0,0,0,0,1,0,0,0,0,0
I Wanna Be Yours,0,0,0,0,1,0,1,0,0,0,0,0,0,0,0,0,0,1,0,0,0
With You,0,0,1,0,0,0,1,0,0,0,0,0,1,0,0,0,0,0,0,0,0
Society,0,0,0,1,0,0,1,0,0,0,0,0,0,0,0,0,1,0,0,0,0
Waiting for the End,0,0,0,1,0,0,1,0,0,0,0,0,0,0,0,1,0,0,0,0,0
The Boxer,1,0,0,0,0,0,1,0,1,0,0,0,0,0,0,0,0,0,0,0,0
Astronomy Domine,1,0,0,0,0,0,1,0,0,0,0,0,0,0,0,0,0,0,0,0,0
Ain't Nobody (Loves Me Better),0,0,0,0,1,0,0,0,0,1,0,0,0,0,0,1,0,0,0,0,0
Kill Em With Kindness,0,0,0,0,1,1,1,0,0,0,0,0,0,0,0,0,0,0,0,0,0
All We Know,0,0,0,0,1,1,0,0,0,0,0,0,0,0,0,0,0,0,0,0,0
VCR,0,0,0,1,0,0,1,0,0,0,0,0,0,0,0,1,0,1,0,0,0
Idioteque,0,0,1,0,0,0,1,0,0,0,0,0,0,0,0,1,0,0,0,0,0
Come Away with Me,0,0,0,1,0,0,0,0,0,0,0,0,0,1,0,0,0,0,0,0,0
Starálfur,0,0,1,0,0,0,1,0,0,0,0,0,0,0,0,0,0,0,0,0,0
Fake Love,0,0,0,0,1,0,0,0,0,0,0,0,0,0,0,0,0,0,0,0,1
Should I Stay or Should I Go - Remastered,0,0,0,0,1,0,1,0,0,0,0,0,0,0,0,0,0,0,0,0,0
Rape Me,0,0,1,0,0,0,1,0,0,0,1,0,0,0,0,0,0,0,0,0,0
Dreams,0,0,1,0,0,1,1,0,0,0,0,0,0,0,0,0,0,0,0,0,0
Don't Stay,0,0,0,1,0,0,1,0,0,0,0,0,1,0,0,0,0,0,0,0,0
Communication Breakdown,1,0,0,0,0,0,1,0,0,0,0,0,0,0,0,0,0,0,0,0,0
Easier to Run,0,0,0,1,0,0,1,0,0,0,0,0,1,0,0,0,0,0,0,0,0
One Last Breath,0,0,0,1,0,0,1,0,0,0,1,0,0,0,0,0,0,0,0,0,0
The Sound of Silence,0,0,0,0,1,0,0,0,0,0,0,0,0,0,0,0,0,0,0,0,0
Tiger Striped Sky,0,0,0,0,1,0,1,0,0,0,0,0,1,0,0,0,0,0,0,0,0
Anything You Synthesize - Ambient,0,0,0,1,0,0,0,0,0,0,0,0,0,0,0,1,1,0,0,0,0
Not Afraid,0,0,0,1,0,1,0,0,0,0,0,0,0,0,0,0,0,0,0,0,1
Hells Bells,1,0,0,0,0,0,1,0,0,0,0,0,1,0,0,0,0,0,0,0,0
King,0,0,0,0,1,1,0,0,0,1,0,0,0,0,0,0,0,0,0,0,0
Sing for the Moment,0,0,0,1,0,0,0,0,0,0,0,0,0,0,0,0,0,0,0,0,1
The Unforgiven II,0,0,1,0,0,0,1,0,0,0,0,0,1,0,0,0,0,0,0,0,0
Nangs,0,0,0,0,1,0,0,0,0,0,0,0,0,0,0,1,0,0,0,0,0
Nude,0,0,0,1,0,0,1,0,0,0,0,0,0,0,0,0,0,1,0,0,0
Halo,0,0,0,1,0,1,0,0,0,0,0,0,0,0,0,0,0,0,0,0,0
Don't Know Why,0,0,0,1,0,0,0,0,0,0,0,0,0,1,0,0,0,0,0,0,0
Mr. Blue Sky,1,0,0,0,0,1,1,0,0,0,0,0,0,0,0,0,0,0,0,0,0
Side To Side,0,0,0,0,1,1,0,0,0,0,0,0,0,0,0,0,0,0,0,0,0
Mellotron Scratch,0,0,0,1,0,0,1,0,0,0,0,0,0,0,0,0,0,0,0,0,0
Small Memory,0,0,0,1,0,0,0,0,0,0,0,0,0,0,0,0,1,0,0,0,0
Please Don't Go,0,0,0,0,1,1,0,0,0,0,0,0,0,0,0,0,0,0,0,0,0
TiK ToK,0,0,0,1,0,1,0,0,0,1,0,0,0,0,0,0,0,0,0,0,0
Jigsaw Falling Into Place,0,0,0,1,0,0,1,0,0,0,0,0,0,0,0,0,0,1,0,0,0
Something About Us,0,0,0,1,0,0,0,0,0,0,0,0,0,0,0,1,0,0,0,0,0
Something Good,0,0,0,0,1,1,1,0,0,0,0,0,0,0,0,0,0,1,0,0,0
In Da Club,0,0,0,1,0,0,0,0,0,0,0,0,0,0,0,0,0,0,0,0,1
Tiny Dancer,1,0,0,0,0,1,1,0,0,0,0,0,0,0,0,0,0,0,0,0,0
"New Person, Same Old Mistakes",0,0,0,0,1,0,1,0,0,0,0,0,0,0,0,0,0,0,0,0,0
Watching The Storm,0,0,0,0,1,0,1,0,0,0,0,0,0,0,0,0,0,0,0,0,0
Flume,0,0,0,0,1,0,0,0,1,0,0,0,0,0,0,0,1,1,0,0,0
Yesterday,1,0,0,0,0,0,1,0,0,0,0,0,0,0,0,0,0,0,0,0,0
My Hero,0,0,1,0,0,0,1,0,0,0,1,0,0,0,0,0,0,0,0,0,0
Paradise Circus,0,0,0,1,0,0,0,0,0,0,0,0,0,0,0,1,0,0,0,0,0
I Don't Want to Miss a Thing,0,0,1,0,0,0,1,0,0,0,0,0,0,0,0,0,0,0,0,1,0
All About That Bass,0,0,0,0,1,1,0,0,0,0,0,0,0,0,0,0,0,0,0,0,0
Shoot to Thrill,1,0,0,0,0,0,1,0,0,0,0,0,0,0,0,0,0,0,0,0,0
LOCATION,0,0,0,0,1,0,0,0,0,0,0,0,0,1,0,0,0,0,0,0,0
Masollan,0,0,0,0,1,0,1,0,0,0,0,0,0,0,0,0,1,0,0,0,0
Lights,0,0,0,1,0,1,0,0,0,1,0,0,0,0,0,1,0,0,0,0,0
Lucky,0,0,0,1,0,0,1,0,0,0,0,0,0,0,0,0,0,1,0,0,0
Subterranean Homesick Alien,0,0,1,0,0,0,1,0,0,0,0,0,0,0,0,0,0,1,0,0,0
Banana Pancakes,0,0,0,1,0,0,0,0,0,0,0,0,0,0,0,0,1,0,0,0,0
Goodbye Blue Sky,1,0,0,0,0,0,1,0,0,0,0,0,0,0,0,0,0,0,0,0,0
Time of Our Lives,0,0,0,0,1,1,0,0,0,0,0,0,0,0,0,0,0,0,0,0,0
Ambre,1,0,0,0,0,0,0,0,0,0,0,0,0,1,0,0,1,0,0,0,0
Cold Water,0,0,0,0,1,1,0,0,0,0,0,0,0,0,0,0,0,0,0,0,0
Branch,0,0,0,0,1,0,1,0,0,0,0,0,0,0,0,0,0,0,0,0,0
In Bloom,0,0,1,0,0,0,1,0,0,0,1,0,0,0,0,0,0,0,0,0,0
Sing,0,0,0,0,1,1,0,0,0,0,0,0,0,0,0,0,0,0,0,0,0
Svefn-g-englar,0,0,1,0,0,0,1,0,0,0,0,0,0,0,0,0,0,0,0,0,0
Hard Sun,0,0,0,1,0,0,1,0,0,0,1,0,0,0,0,0,1,0,0,0,0
Careless Whisper,0,1,0,0,0,1,0,0,0,0,0,1,0,0,0,0,0,0,0,0,0
Electric Love,0,0,0,0,1,1,0,0,0,0,0,0,0,0,0,1,0,1,0,0,0
Light Of The Seven,0,0,0,0,1,1,0,0,0,0,0,0,0,0,0,0,0,0,0,0,0
The Funeral,0,0,0,1,0,0,1,0,0,0,0,0,0,0,0,0,0,1,0,0,0
Make You Feel My Love,0,0,0,1,0,1,0,0,0,0,0,0,0,0,0,0,0,0,0,0,0
Give It Away,0,0,1,0,0,0,1,0,0,0,0,0,0,0,1,0,0,0,0,0,0
Stay Alive,0,0,0,1,0,0,0,0,0,0,0,0,0,0,0,0,0,1,0,0,0
Fight Song,0,0,0,0,1,1,0,0,0,0,0,0,0,0,0,0,0,0,0,0,0
Nothing Arrived - Live from Spotify London,0,0,0,0,1,0,0,0,1,0,0,0,0,0,0,0,0,0,0,0,0
Colour Spectrum,0,0,0,1,0,0,1,0,0,0,0,0,0,0,0,0,0,0,0,0,0
Lisztomania,0,0,0,1,0,1,0,0,0,0,0,0,0,0,0,0,0,1,0,0,0
Lucy in the Sky with Diamonds,1,0,0,0,0,0,1,0,0,0,0,0,0,0,0,0,0,0,0,0,0
Wherever I May Roam,0,0,1,0,0,0,1,0,0,0,0,0,1,0,0,0,0,0,0,0,0
Born to Run,0,0,0,1,0,0,1,0,0,0,0,0,0,0,0,0,0,0,0,0,0
Little Wing,0,1,0,0,0,0,1,0,0,0,0,0,0,0,0,0,0,0,0,0,0
All The Pretty Girls,0,0,0,0,1,1,0,0,0,0,0,0,0,0,0,0,0,0,0,0,0
1901,0,0,0,1,0,1,0,0,0,0,0,0,0,0,0,1,0,1,0,0,0
Don't Stop Me Now,1,0,0,0,0,0,1,0,0,0,0,0,0,0,0,0,0,0,0,0,0
In the Air Tonight,0,1,0,0,0,1,1,0,0,0,0,0,0,0,0,0,0,0,0,0,0
Cause I'm A Man,0,0,0,0,1,1,1,0,0,0,0,0,0,0,0,0,0,0,0,0,0
Mask Off,0,0,0,0,1,0,0,0,0,0,0,0,0,0,0,0,0,0,0,0,1
Human,0,0,0,0,1,1,1,0,0,0,0,0,0,0,0,0,0,1,0,0,0
Aerials,0,0,0,1,0,0,1,0,0,0,0,0,1,0,0,0,0,0,0,0,0
One for the Road,0,0,0,0,1,0,1,0,0,0,0,0,0,0,0,0,0,1,0,0,0
We Are the Champions,1,0,0,0,0,0,1,0,0,0,0,0,0,0,0,0,0,0,0,0,0
Walk,0,0,0,1,0,0,0,0,0,0,0,0,1,0,0,0,0,0,0,0,0
Dust in the Wind,1,0,0,0,0,0,1,0,0,0,0,0,0,0,0,0,0,0,0,0,0
I Really Like You,0,0,0,0,1,1,0,0,0,0,0,0,0,0,0,0,0,0,0,0,0
Turn the Page,0,0,0,1,0,0,1,0,0,0,0,0,1,0,0,0,0,0,0,0,0
Cemeteries of London,0,0,0,1,0,0,1,0,0,0,0,0,0,0,0,0,0,0,0,0,0
Crazy Train,1,0,0,0,0,0,1,0,0,0,0,0,1,0,0,0,0,0,0,0,0
I Need My Girl,0,0,0,0,1,0,1,0,0,0,0,0,0,0,0,0,0,1,0,0,0
You Can't Always Get What You Want,1,0,0,0,0,0,1,0,0,0,0,0,0,0,0,0,0,0,0,0,0
XO TOUR Llif3,0,0,0,0,1,0,0,0,0,0,0,0,0,0,0,0,0,0,0,0,1
Feels,0,0,0,0,1,1,0,0,0,0,0,0,0,0,1,0,0,0,0,0,0
Starboy (feat. Daft Punk),0,0,0,0,1,0,0,0,0,0,0,0,0,0,0,1,0,1,0,0,0
Whiskey in the Jar,0,0,0,1,0,0,1,0,0,0,0,0,1,0,0,0,0,0,0,0,0
September,1,0,0,0,0,0,0,0,0,0,0,0,0,0,1,0,0,0,0,0,0
Pinball Wizard,1,0,0,0,0,0,1,0,0,0,0,0,0,0,0,0,0,0,0,0,0
"All Is Violent, All Is Bright",0,0,0,0,1,0,1,0,0,0,0,0,0,0,0,0,0,0,0,0,0
Love Me Like You Do,0,0,0,0,1,1,0,0,0,0,0,1,0,0,0,0,0,0,0,0,0
Stay (with Alessia Cara),0,0,0,0,1,1,0,0,0,0,0,0,0,0,0,1,0,0,0,0,0
Marvin Gaye (feat. Meghan Trainor),0,0,0,0,1,1,0,0,0,0,0,1,0,0,0,0,0,0,0,0,0
Bless Those Tired Eyes,0,0,0,0,1,0,0,0,0,0,0,0,0,1,0,0,0,0,0,0,0
Snap Out of It,0,0,0,0,1,0,1,0,0,0,0,0,0,0,0,0,0,1,0,0,0
Don't You Worry Child (Radio Edit) [feat. John Martin],0,0,0,0,1,1,0,0,0,0,0,0,0,0,0,1,0,0,0,0,0
The National Anthem,0,0,1,0,0,0,1,0,0,0,0,0,0,0,0,1,0,0,0,0,0
Linger,0,0,1,0,0,0,1,0,0,0,0,0,0,0,0,0,0,0,0,0,0
Mr. Jones,0,0,1,0,0,1,1,0,0,0,0,0,0,0,0,0,0,0,0,0,0
New Divide,0,0,0,1,0,0,1,0,0,0,0,0,1,0,0,0,0,0,0,0,0
Hey Now,0,0,0,0,1,1,0,0,0,0,0,0,0,0,0,0,0,0,0,0,0
Scared To Be Lonely,0,0,0,0,1,0,0,0,0,0,0,0,0,0,0,1,0,0,0,0,0
When You Were Young,0,0,0,1,0,0,1,0,0,0,0,0,0,0,0,0,0,1,0,0,0
Pyramid Song,0,0,0,1,0,0,1,0,0,0,0,0,0,0,0,0,0,0,0,0,0
"""Heroes""",0,0,0,1,0,0,1,0,0,0,0,0,0,0,0,0,0,0,0,0,0
Session,0,0,0,1,0,0,1,0,0,0,0,0,1,0,0,0,0,0,0,0,0
Over the Hills and Far Away,1,0,0,0,0,0,1,0,0,0,0,0,0,0,0,0,0,0,0,0,0
Smother,0,0,0,1,0,1,0,0,0,0,0,0,0,0,0,0,0,0,0,0,0
XO,0,0,0,0,1,0,0,0,0,0,0,0,0,0,0,0,0,1,0,0,0
Cherry Wine - Live,0,0,0,0,1,0,1,0,0,0,0,0,0,0,0,0,1,1,0,0,0
Call On Me - Ryan Riback Remix,0,0,0,0,1,0,0,0,0,0,0,0,0,0,0,0,0,0,0,0,0
Around the World,0,0,1,0,0,0,0,0,0,0,0,0,0,0,0,1,0,0,0,0,0
Love The Way You Lie,0,0,0,1,0,0,0,0,0,0,0,0,0,0,0,0,0,0,0,0,1
Vicarious,0,0,0,1,0,0,1,0,0,0,0,0,1,0,0,0,0,0,0,0,0
Hey Brother,0,0,0,0,1,1,0,1,0,0,0,0,0,0,0,0,0,0,0,0,0
Mockingbird,0,0,0,1,0,0,0,0,0,0,0,0,0,0,0,0,0,0,0,0,1
A Rush of Blood to the Head,0,0,0,1,0,0,1,0,0,0,0,0,0,0,0,0,0,0,0,0,0
Hallowed Be Thy Name,0,1,0,0,0,0,0,0,0,0,0,0,1,0,0,0,0,0,0,0,0
Big Jet Plane,0,0,0,1,0,0,0,0,1,0,0,0,0,0,0,0,0,1,0,0,0
My Generation,0,0,0,0,1,0,1,0,0,0,0,0,0,0,0,0,0,0,0,0,0
Hurts Like Heaven,0,0,0,0,1,0,1,0,0,0,0,0,0,0,0,0,0,0,0,0,0
Stand By Me,0,1,0,0,0,1,0,0,0,0,0,0,0,0,0,0,0,0,0,0,0
Swalla (feat. Nicki Minaj & Ty Dolla $ign),0,0,0,0,1,1,0,0,0,0,0,0,0,0,0,0,0,0,0,0,0
Greenland,0,0,0,0,1,0,0,0,0,0,0,0,0,0,0,1,0,0,0,0,0
They Move on Tracks of Never-Ending Light,0,0,0,1,0,0,1,0,0,0,0,0,0,0,0,0,0,0,0,0,0
Poker Face,0,0,0,1,0,1,0,0,0,0,0,0,0,0,0,1,0,0,0,0,0
Knights of Cydonia,0,0,0,1,0,0,1,0,0,0,0,0,0,0,0,0,0,0,0,0,0
Lonely Day,0,0,0,1,0,0,1,0,0,0,0,0,1,0,0,0,0,0,0,0,0
A Day in the Life,1,0,0,0,0,0,1,0,0,0,0,0,0,1,0,0,0,0,0,0,0
I Am The Highway,0,0,0,1,0,0,1,0,0,0,0,0,0,0,0,0,0,0,0,0,0
Disciples,0,0,0,0,1,1,1,0,0,0,0,0,0,0,0,0,0,0,0,0,0
Dance of Death,0,0,0,1,0,0,0,0,0,0,0,0,1,0,0,0,0,0,0,0,0
All The Stars (with SZA),0,0,0,0,1,0,0,0,0,0,0,0,0,0,0,0,0,0,0,0,1
Something,1,0,0,0,0,1,1,0,0,0,0,0,0,1,0,0,0,0,0,0,0
The Trooper,0,0,0,1,0,0,0,0,0,0,0,0,1,0,0,0,0,0,0,0,0
Stubborn Love,0,0,0,0,1,0,1,0,1,0,0,0,0,0,0,0,1,1,0,0,0
Cure for the Itch,0,0,1,0,0,0,1,0,0,0,0,0,1,0,0,1,0,0,0,0,0
Locked Away,0,0,0,0,1,1,1,0,0,0,0,0,0,0,0,0,0,0,0,0,0
Kerala,0,0,0,0,1,0,0,0,0,0,0,0,0,0,1,0,0,0,0,0,0
Time Is Running Out,0,0,0,1,0,0,1,0,0,0,0,0,0,0,0,0,0,1,0,0,0
Shake It Out,0,0,0,0,1,1,0,0,0,0,0,0,0,0,0,0,0,1,0,0,0
I Hate Everything About You,0,0,0,1,0,0,1,0,0,0,0,0,0,0,0,0,0,0,0,0,0
The Middle,0,0,0,1,0,0,1,0,0,0,0,0,0,0,0,0,0,0,0,0,0
The Mother We Share,0,0,0,0,1,0,0,0,0,0,0,0,0,0,0,1,0,0,0,0,0
Hall of Fame,0,0,0,0,1,1,1,0,0,0,0,0,0,0,0,0,0,0,0,0,0
Misty Mountain Hop,1,0,0,0,0,0,1,0,0,0,0,0,0,1,0,0,0,0,0,0,0
Landslide,1,0,0,0,0,0,1,0,0,0,0,0,0,1,0,0,1,0,0,0,0
What Do You Want From Me,0,0,0,1,0,0,1,0,0,0,0,0,0,1,0,0,0,0,0,0,0
unforgettable,0,0,0,0,1,0,0,0,0,0,0,0,0,0,0,0,0,0,0,0,1
Money - 2011 Remastered Version,0,0,0,0,1,0,1,0,0,0,0,0,0,0,0,0,0,0,0,0,0
Indian Summer,0,0,0,0,1,0,0,0,0,0,0,0,0,0,0,1,0,0,0,0,0
Hysteria,0,1,0,0,0,0,1,0,0,0,0,0,0,0,0,0,0,0,0,0,0
Dumb,0,0,1,0,0,0,1,0,0,0,1,0,0,0,0,0,0,0,0,0,0
9 Crimes,0,0,0,1,0,0,0,0,0,0,0,0,0,0,0,0,1,1,0,0,0
Dangerous Woman,0,0,0,0,1,1,0,0,0,0,0,0,0,0,0,0,0,0,0,0,0
Parachutes,0,0,1,0,0,0,1,0,0,0,0,0,0,0,0,0,0,0,0,0,0
Hips Don't Lie,0,0,0,1,0,1,0,0,0,0,0,0,0,0,0,0,0,0,0,0,0
"Love Me Like You Do - From ""Fifty Shades of Grey""",0,0,0,0,1,0,0,0,0,0,0,1,0,0,0,0,0,0,0,0,0
On hold,0,0,0,0,1,0,0,0,0,0,0,0,0,0,0,1,0,1,0,0,0
Believe,0,0,1,0,0,0,1,0,0,0,0,0,0,0,0,0,0,0,0,0,0
Like Real People Do,0,0,0,0,1,0,0,0,0,0,0,1,0,0,0,0,0,0,0,0,0
Beat It,0,1,0,0,0,1,1,0,0,0,0,0,0,0,0,0,0,0,0,0,0
Breakeven,0,0,0,1,0,1,1,0,0,0,0,0,0,0,0,0,0,1,0,0,0
princess of china,0,0,0,0,1,0,0,0,0,0,0,0,0,0,0,0,0,0,0,0,0
One Last Time,0,0,0,0,1,1,0,0,0,0,0,0,0,0,0,1,0,0,0,0,0
Stan,0,0,1,0,0,1,0,0,0,0,0,0,0,0,0,0,0,0,0,0,0
Run Like Hell,1,0,0,0,0,0,1,0,0,0,0,0,0,1,0,0,0,0,0,0,0
Divenire,0,0,0,1,0,0,0,0,0,0,0,0,0,1,0,0,0,0,0,0,0
Perfect Strangers,0,0,0,0,1,0,0,0,0,0,0,0,0,0,0,1,0,0,0,0,0
Spirits,0,0,0,1,0,0,0,1,1,0,0,0,0,0,0,0,0,0,0,0,0
B.Y.O.B.,0,0,0,1,0,0,1,0,0,0,0,0,1,0,0,0,0,0,0,0,0
Behind Blue Eyes,0,0,0,1,0,0,1,0,0,0,0,0,1,0,0,0,0,0,0,0,0
SexyBack,0,0,0,1,0,1,0,0,0,0,0,0,0,0,0,0,0,0,0,0,0
Politik,0,0,0,1,0,0,1,0,0,0,0,0,0,0,0,0,0,0,0,0,0
Your Song,0,0,0,1,0,1,1,0,0,0,0,0,0,0,0,0,0,0,0,0,0
High Speed,0,0,1,0,0,0,1,0,0,0,0,0,0,0,0,0,0,0,0,0,0
High by the Beach,0,0,0,0,1,1,0,0,0,0,0,0,0,0,0,0,0,1,0,0,0
The Game of Love,0,0,0,1,0,0,0,0,0,0,0,0,0,0,1,1,0,0,0,0,0
Bridge over Troubled Water,1,0,0,0,0,0,1,0,1,0,0,0,0,0,0,0,0,0,0,0,0
Yes I'm Changing,0,0,0,0,1,0,0,0,0,0,0,1,0,0,0,1,0,1,0,0,0
(Everything I Do) I Do It for You,0,0,1,0,0,1,1,0,0,0,0,0,0,1,0,0,0,0,0,0,0
Shine,0,0,0,0,1,0,0,1,0,0,0,0,0,0,0,0,0,1,0,0,0
Too Good at Goodbyes,0,0,0,0,1,1,0,0,0,0,0,0,0,0,0,0,0,0,0,0,0
Anesthetize,0,0,0,1,0,0,1,0,0,0,0,0,1,0,0,0,0,0,0,0,0
Lips of Ashes,0,0,0,1,0,0,1,0,0,0,0,0,0,0,0,0,0,0,0,0,0
I Can Almost See You,0,0,0,1,0,1,1,0,0,0,0,0,0,0,0,0,0,0,0,0,0
Look What You Made Me Do,0,0,0,0,1,1,0,0,0,0,0,0,0,0,0,0,0,0,0,0,0
Cowboys from Hell,0,1,0,0,0,0,0,0,0,0,0,0,1,0,0,0,0,0,0,0,0
When I Was Your Man,0,0,0,0,1,1,0,0,0,0,0,0,0,0,0,0,0,0,0,0,0
By Myself,0,0,1,0,0,0,1,0,0,0,0,0,1,0,0,0,0,0,0,0,0
Hit the Floor,0,0,0,1,0,0,1,0,0,0,0,0,1,0,0,0,0,0,0,0,0
Slide,0,0,0,0,1,1,0,0,0,0,0,0,0,0,0,1,0,0,0,0,1
O,0,0,0,0,1,0,1,0,0,0,0,0,0,0,0,0,0,0,0,0,0
Secrets,0,0,0,0,1,1,1,0,0,0,0,0,0,0,0,0,0,0,0,0,0
All I Want,0,0,0,0,1,0,0,0,0,0,0,0,0,0,0,0,0,1,0,0,0
My Girl,0,0,0,0,1,1,0,0,0,0,0,0,0,0,0,0,0,0,0,0,0
Cecilia,1,0,0,0,0,0,1,0,1,0,0,0,0,0,0,0,0,0,0,0,0
Can't Help Falling in Love,1,0,0,0,0,0,1,0,0,0,0,1,0,1,0,0,0,0,0,0,0
Finally Moving,0,0,0,1,0,0,0,0,0,0,0,0,0,0,0,1,0,0,0,0,0
Who Are You,1,0,0,0,0,0,1,0,0,0,0,0,0,1,0,0,0,0,0,0,0
Bang My Head (feat. Sia & Fetty Wap),0,0,0,0,1,1,0,0,0,0,0,0,0,0,0,0,0,0,0,0,0
Boy 1904,0,0,0,1,0,1,0,0,0,0,0,0,0,0,0,0,0,0,0,0,0
Fear of the Dark,0,0,1,0,0,0,0,0,0,0,0,0,1,0,0,0,0,0,0,0,0
Breaking the Law,1,0,0,0,0,0,1,0,0,0,0,0,1,0,0,0,0,0,0,0,0
The Battle of Evermore,1,0,0,0,0,0,1,0,1,0,0,0,0,1,0,0,0,0,0,0,0
Stuck in the Middle With You,1,0,0,0,0,0,1,0,0,0,0,0,0,1,0,0,0,0,0,1,0
Superheroes,0,0,0,0,1,0,1,0,0,0,0,0,0,0,0,0,0,0,0,0,0
Hardwired,0,0,0,0,1,0,0,0,0,0,0,0,1,0,0,0,0,0,0,0,0
Opening,0,0,0,0,1,0,0,0,0,0,0,0,0,1,0,0,0,0,0,0,0
Thrift Shop (feat. Wanz),0,0,0,1,0,0,0,0,0,0,0,0,0,0,0,0,0,0,0,0,1
Closer,0,0,0,0,1,0,1,0,0,0,0,0,0,0,0,0,0,0,0,0,0
Gold on the Ceiling,0,0,0,0,1,0,1,0,0,0,0,0,0,0,0,0,0,0,0,0,0
Yellow Submarine,1,0,0,0,0,1,1,0,0,0,0,0,0,0,0,0,0,0,0,0,0
My Iron Lung,0,0,1,0,0,0,1,0,0,0,0,0,0,0,0,0,0,0,0,0,0
Patience,0,0,1,0,0,0,1,0,0,0,0,0,0,1,0,0,0,0,0,0,0
Superstition,0,1,0,0,0,0,0,0,0,0,0,0,0,0,1,0,0,0,0,0,0
Sorry Not Sorry,0,0,0,0,1,1,0,0,0,0,0,0,0,0,0,0,0,0,0,0,0
Within,0,0,0,0,1,0,0,0,0,0,0,0,0,0,0,1,0,0,0,0,0
Talk Is Cheap,0,0,0,0,1,0,0,0,0,0,0,0,0,0,0,1,0,0,0,0,0
Cool Girl,0,0,0,0,1,1,0,0,0,0,0,0,0,0,0,1,0,0,0,0,0
Death with Dignity,0,0,1,0,0,0,0,0,1,0,0,0,0,0,0,0,0,1,0,0,0
Youth,0,0,0,1,0,1,0,0,0,0,0,0,0,0,0,0,0,1,0,0,0
Everybody's Changing,0,0,0,1,0,0,1,0,0,0,0,0,0,0,0,0,0,1,0,0,0
Put Your Records On,0,0,0,1,0,1,0,0,0,0,0,0,0,0,0,0,0,0,1,0,0
Iridescent,0,0,0,1,0,0,1,0,0,0,0,0,0,0,0,1,0,0,0,0,0
The Joker,1,0,0,0,0,0,1,0,0,0,0,0,0,1,0,0,0,0,0,0,0
Speak to Me,0,0,0,0,1,0,1,0,0,0,0,0,0,1,0,0,0,0,0,0,0
Near Light,0,0,0,0,1,0,0,0,0,0,0,0,0,1,0,0,0,0,0,0,0
Nothing's Gonna Hurt You Baby,0,0,0,0,1,1,0,0,0,0,0,0,0,0,0,0,0,0,0,0,0
September Song,0,0,0,0,1,1,0,0,0,0,0,0,0,0,0,0,0,0,0,0,0
The Breach,0,0,0,0,1,0,0,0,1,0,0,1,0,0,0,0,0,1,0,0,0
The Stars in Spring,0,0,0,0,1,0,1,0,0,0,0,0,0,0,0,0,1,1,0,0,0
Polly,0,1,0,0,0,0,1,0,0,0,1,0,0,0,0,0,0,0,0,0,0
My Number,0,0,0,1,0,0,1,0,0,0,0,0,0,0,0,1,0,1,0,0,0
Feeling Good,0,0,0,1,0,0,0,0,0,0,0,0,0,0,0,0,0,0,1,0,0
No Rain,0,0,1,0,0,0,1,0,0,0,1,0,0,0,0,0,0,0,0,0,0
Interstate Love Song,0,0,1,0,0,0,1,0,0,0,1,0,0,0,0,0,0,0,0,0,0
So What,0,0,0,1,0,0,0,0,0,0,0,0,0,0,0,0,0,0,1,0,0
Wolves,0,0,0,0,1,1,0,0,0,0,0,0,0,0,0,1,0,0,0,0,0
Aquarium,0,0,1,0,0,0,0,0,0,0,0,0,0,0,0,1,0,0,0,0,0
Here For You,0,0,0,0,1,1,0,0,0,0,0,0,0,0,0,0,0,0,0,0,0
Send Receive,0,0,0,0,1,1,0,0,0,0,0,0,0,0,0,0,0,0,0,0,0
Soul Meets Body,0,0,0,1,0,0,1,0,0,0,0,0,0,0,0,0,0,1,0,0,0
Island in the Sun,0,0,0,1,0,0,1,0,0,0,0,0,0,0,0,0,0,1,0,0,0
Du hast,0,0,0,0,1,0,0,0,0,0,0,0,1,0,0,0,0,0,0,0,0
Good Life,0,0,0,0,1,1,1,0,0,0,0,0,0,0,0,0,0,0,0,0,0
Pink Moon,1,0,0,0,0,0,0,0,1,0,0,0,0,0,0,0,1,0,0,0,0
Laid to Rest,1,0,0,0,0,0,0,0,0,0,0,0,1,0,0,0,0,0,0,0,0
Aqualung,1,0,0,0,0,0,1,0,0,0,0,0,0,0,0,0,0,0,0,0,0
Come and Get Your Love,1,0,0,0,0,1,1,0,0,0,0,0,0,0,1,0,0,0,0,0,0
An Ending (Ascent),0,1,0,0,0,1,0,0,0,0,0,0,0,0,0,0,0,0,0,0,0
You’re So Very Far Away,0,0,0,0,1,0,0,0,0,0,0,0,0,1,0,0,0,0,0,0,0
Eleanor Rigby,1,0,0,0,0,1,1,0,0,0,0,0,0,0,0,0,0,0,0,0,0
Guerrilla Radio,0,0,1,0,0,0,1,0,0,0,0,0,0,0,0,0,0,0,0,0,0
Space Oddity,1,0,0,0,0,0,1,0,0,0,0,0,0,1,0,0,0,0,0,0,0
Habits (Stay High),0,0,0,0,1,1,0,0,0,0,0,0,0,0,0,0,0,1,0,0,0
White Flag,0,0,0,1,0,1,0,0,0,0,0,0,0,0,0,0,0,0,0,0,0
Dirty Deeds Done Dirt Cheap,1,0,0,0,0,0,1,0,0,0,0,0,0,1,0,0,0,0,0,0,0
New Americana,0,0,0,0,1,1,0,0,0,0,0,0,0,0,0,0,0,1,0,0,0
Slow Hands,0,0,0,0,1,1,0,0,1,0,0,0,0,0,0,0,0,0,0,0,0
Space Song,0,0,0,0,1,1,0,0,0,0,0,0,0,0,0,0,0,0,0,0,0
Genghis Khan,1,0,0,0,0,1,0,0,0,0,0,0,0,0,0,1,0,1,0,0,0
Bohemian Rhapsody - Remastered 2011,1,0,0,0,0,0,1,0,0,0,0,0,0,0,0,0,0,0,0,0,0
How Long,0,0,0,0,1,1,0,0,0,0,0,0,0,0,1,0,0,0,0,0,0
The Start of Something Beautiful,0,0,0,1,0,0,1,0,0,0,0,0,0,0,0,0,0,0,0,0,0
Here Comes The Sun - Remastered,1,0,0,0,0,1,1,0,1,0,0,0,0,0,0,0,0,0,0,0,0
Wake Up,0,0,0,0,1,0,1,0,0,0,0,0,0,0,0,0,0,1,0,0,0
Wish You Were Here,1,0,0,0,0,0,1,0,0,0,0,0,0,0,0,0,0,0,0,0,0
Cool Kids,0,0,0,0,1,1,0,0,0,0,0,0,0,0,0,0,0,1,0,0,0
Contact,0,0,1,0,0,0,0,0,0,0,0,0,0,0,0,1,0,0,0,0,0
ELEMENT.,0,0,0,0,1,0,0,0,0,0,0,0,0,0,0,0,0,0,0,0,1
God's Plan,0,0,0,0,1,0,0,0,0,0,0,0,0,0,0,0,0,0,0,0,1
Wish You Were Here - 2011 Remastered Version,0,0,0,0,1,0,1,0,0,0,0,0,0,1,0,0,0,0,0,0,0
Þú ert jörðin,0,0,0,1,0,0,0,0,0,0,0,0,0,1,0,0,0,0,0,0,0
Drive Home,0,0,0,0,1,0,1,0,0,0,0,0,0,0,0,0,0,0,0,0,0
Mardy Bum,0,0,0,1,0,0,1,0,0,0,0,0,0,0,0,0,0,1,0,0,0
Bodysnatchers,0,0,1,0,0,0,1,0,0,0,0,0,0,0,0,0,0,1,0,0,0
42,0,0,0,1,0,0,1,0,0,0,0,0,0,0,0,0,0,0,0,0,0
A Message,0,1,0,0,0,0,1,0,0,0,0,0,0,0,0,0,0,0,0,0,0
Figure.09,0,0,0,1,0,0,1,0,0,0,0,0,1,0,0,0,0,0,0,0,0
Knockin' on Heaven's Door,0,1,0,0,0,0,1,0,1,0,0,0,0,1,0,0,0,0,0,0,0
All Day and All of the Night,1,0,0,0,0,0,1,0,0,0,0,0,0,1,0,0,0,0,0,0,0
My December,0,0,1,0,0,0,1,0,0,0,0,0,1,0,0,0,0,0,0,0,0
My Sacrifice,0,0,0,1,0,0,1,0,0,0,0,0,0,0,0,0,0,0,0,0,0
Silence,0,0,0,0,1,1,0,0,0,0,0,0,0,0,0,1,0,0,0,0,1
Once In A While,0,0,0,1,0,1,0,0,0,0,0,0,0,0,0,0,0,0,0,0,0
Ether,0,0,0,1,0,0,1,0,0,0,0,0,0,0,0,0,0,0,0,0,0
Dil Se Re,0,0,1,0,0,1,0,0,0,0,0,0,0,0,0,0,0,0,0,0,0
Diamonds,0,0,0,0,1,1,0,0,0,0,0,0,0,0,0,0,0,0,0,0,0
Battery,0,0,0,0,1,0,0,0,0,0,0,0,1,0,0,0,0,0,0,0,0
Forgotten,0,0,1,0,0,0,1,0,0,0,0,0,1,0,0,0,0,0,0,0,0
Lebanese Blonde,0,0,0,0,0,0,0,0,0,0,0,0,0,0,0,1,0,0,0,0,0
Rocket Man (I Think It's Going to Be a Long Long Time),1,0,0,0,0,1,1,0,0,0,0,0,0,1,0,0,0,0,0,0,0
Life in the Fast Lane,1,0,0,0,0,0,1,0,0,0,0,0,0,1,0,0,0,0,0,0,0
Twentytwofourteen,0,0,0,0,1,1,1,0,0,0,0,0,0,0,0,0,0,0,0,0,0
